[
  {
    "id": "b7c8eb0a-2809-470d-a41b-c0a18693f83f",
    "data": [
      {
        "text": "should I be concerned?",
        "userDefined": false
      }
    ],
    "isTemplate": false,
    "count": 0,
    "updated": 0
  },
  {
    "id": "580bc92f-50d9-4037-ba2d-61ed1560d628",
    "data": [
      {
        "text": "I am super stressed about this",
        "userDefined": false
      }
    ],
    "isTemplate": false,
    "count": 0,
    "updated": 0
  },
  {
    "id": "ebb7a077-a1c3-4f9d-9b63-5f2f43157896",
    "data": [
      {
        "text": "I am feeling anxious",
        "userDefined": false
      }
    ],
    "isTemplate": false,
    "count": 0,
    "updated": 0
  },
  {
    "id": "e8b22e0f-9e2a-4234-bda4-f0ba99d64809",
    "data": [
      {
        "text": "Should I be scared?",
        "userDefined": false
      }
    ],
    "isTemplate": false,
    "count": 0,
    "updated": 0
  },
  {
    "id": "e7771870-be17-421f-8455-65b4262cd847",
    "data": [
      {
        "text": "I am you do I need to worry",
        "userDefined": false
      }
    ],
    "isTemplate": false,
    "count": 0,
    "updated": 0
  },
  {
    "id": "c5040abd-3bef-46b5-acfd-47955a7264ed",
    "data": [
      {
        "text": "I am feeling very anxious about the situation, is there a number i can call to talk to someone",
        "userDefined": false
      }
    ],
    "isTemplate": false,
    "count": 0,
    "updated": 0
  },
  {
    "id": "5de3a141-524c-42aa-a60c-e1477eb4364c",
    "data": [
      {
        "text": "i feel really worried about this",
        "userDefined": false
      }
    ],
    "isTemplate": false,
    "count": 1,
    "updated": 0
  },
  {
    "id": "2cfbe91a-dd24-48e8-9864-fd9e8304132d",
    "data": [
      {
        "text": "I\u0027m pregnant and worried",
        "userDefined": false
      }
    ],
    "isTemplate": false,
    "count": 0,
    "updated": 0
  },
  {
    "id": "63c9d0b9-6750-40da-a46a-625f03bb1ccb",
    "data": [
      {
        "text": "How do I combat loneliness",
        "userDefined": false
      }
    ],
    "isTemplate": false,
    "count": 0,
    "updated": 0
  },
  {
    "id": "3198de01-8f72-436f-99c2-cfffbd2c44b2",
    "data": [
      {
        "text": "how do I manage stress",
        "userDefined": false
      }
    ],
    "isTemplate": false,
    "count": 0,
    "updated": 0
  },
  {
    "id": "3fbf1dec-391a-47e9-8ccf-91e323c6f70f",
    "data": [
      {
        "text": "I am feeling overwhelmed about this",
        "userDefined": false
      }
    ],
    "isTemplate": false,
    "count": 0,
    "updated": 0
  },
  {
    "id": "83a4927d-a569-4768-a15e-f993a69dd659",
    "data": [
      {
        "text": "I am feeling anxious about the virus and need someone to talk too",
        "userDefined": false
      }
    ],
    "isTemplate": false,
    "count": 0,
    "updated": 0
  },
  {
    "id": "750c7101-01fe-461c-ba63-5aea3264cbcf",
    "data": [
      {
        "text": "I am scared that someone will give me the disease",
        "userDefined": false
      }
    ],
    "isTemplate": false,
    "count": 0,
    "updated": 0
  },
  {
    "id": "2ac99672-b737-4202-b455-6acb2bc0f4b8",
    "data": [
      {
        "text": "should I be worried?",
        "userDefined": false
      }
    ],
    "isTemplate": false,
    "count": 0,
    "updated": 0
  },
  {
    "id": "f1d0ac2b-178a-46a9-b0e6-05b2d6548029",
    "data": [
      {
        "text": "Why I should be worry",
        "userDefined": false
      }
    ],
    "isTemplate": false,
    "count": 0,
    "updated": 0
  },
  {
    "id": "2706483c-917d-4294-a6f1-80bf1c474b01",
    "data": [
      {
        "text": "should I be scared about it",
        "userDefined": false
      }
    ],
    "isTemplate": false,
    "count": 0,
    "updated": 0
  },
  {
    "id": "287afa64-2931-4392-940b-e10f06804bf3",
    "data": [
      {
        "text": "Hi I’m scared to get the virus. What can I do?",
        "userDefined": false
      }
    ],
    "isTemplate": false,
    "count": 0,
    "updated": 0
  },
  {
    "id": "5cb3a2a8-8425-4f4b-8dc0-50384eae8302",
    "data": [
      {
        "text": "I\u0027m scared someone might give me the disease",
        "userDefined": false
      }
    ],
    "isTemplate": false,
    "count": 1,
    "updated": 0
  },
  {
    "id": "8cae7c71-abef-42fa-8e2f-969aa799ce83",
    "data": [
      {
        "text": "I\u0027m worried",
        "userDefined": false
      }
    ],
    "isTemplate": false,
    "count": 0,
    "updated": 0
  },
  {
    "id": "6c557574-03f5-435b-8b79-fab6f3fd2c45",
    "data": [
      {
        "text": "What can I do if I am worried?",
        "userDefined": false
      }
    ],
    "isTemplate": false,
    "count": 0,
    "updated": 0
  },
  {
    "id": "caee2f07-b94c-421f-a3c2-8435f403c162",
    "data": [
      {
        "text": "Should I worry about ",
        "userDefined": false
      },
      {
        "text": "coronavirus",
        "alias": "covid-19",
        "meta": "@covid-19",
        "userDefined": false
      },
      {
        "text": "?",
        "userDefined": false
      }
    ],
    "isTemplate": false,
    "count": 0,
    "updated": 0
  }
]