[
  {
    "id": "3c1adec7-c459-4ff3-a64e-804ec0371cb1",
    "data": [
      {
        "text": "how many infected with ",
        "userDefined": false
      },
      {
        "text": "covid-19",
        "alias": "covid-19",
        "meta": "@covid-19",
        "userDefined": true
      },
      {
        "text": "?",
        "userDefined": false
      }
    ],
    "isTemplate": false,
    "count": 0,
    "updated": 0
  },
  {
    "id": "018ef89a-bd17-404d-9c31-92b4c6680e52",
    "data": [
      {
        "text": "how many infected in ",
        "userDefined": false
      },
      {
        "text": "US",
        "alias": "geo-country",
        "meta": "@sys.geo-country",
        "userDefined": false
      },
      {
        "text": " ?",
        "userDefined": false
      }
    ],
    "isTemplate": false,
    "count": 0,
    "updated": 0
  },
  {
    "id": "18a98b3e-2772-47be-ae4d-91dfc4d1bce2",
    "data": [
      {
        "text": "what\u0027s the status in ",
        "userDefined": false
      },
      {
        "text": "Russia",
        "alias": "geo-country",
        "meta": "@sys.geo-country",
        "userDefined": false
      },
      {
        "text": "?",
        "userDefined": false
      }
    ],
    "isTemplate": false,
    "count": 0,
    "updated": 0
  },
  {
    "id": "1a19ca62-d707-4e34-8db4-1060d557b23e",
    "data": [
      {
        "text": "Harmony incidents have been reported in ",
        "userDefined": false
      },
      {
        "text": "Vatican",
        "alias": "geo-country",
        "meta": "@sys.geo-country",
        "userDefined": false
      },
      {
        "text": " City",
        "userDefined": false
      }
    ],
    "isTemplate": false,
    "count": 0,
    "updated": 0
  },
  {
    "id": "f09ed6f4-8d30-4c7f-8f9c-5dad56cf55a4",
    "data": [
      {
        "text": "How many happened in ",
        "userDefined": false
      },
      {
        "text": "Vatican",
        "alias": "geo-country",
        "meta": "@sys.geo-country",
        "userDefined": false
      },
      {
        "text": " City?",
        "userDefined": false
      }
    ],
    "isTemplate": false,
    "count": 0,
    "updated": 0
  },
  {
    "id": "d941a891-6f88-4a3f-9d81-6de3d548c366",
    "data": [
      {
        "text": "How many incidents are in reported in ",
        "userDefined": false
      },
      {
        "text": "Vatican",
        "alias": "geo-country",
        "meta": "@sys.geo-country",
        "userDefined": false
      },
      {
        "text": " City?",
        "userDefined": false
      }
    ],
    "isTemplate": false,
    "count": 0,
    "updated": 0
  },
  {
    "id": "2185068c-acf4-4676-91f3-d4beba480f44",
    "data": [
      {
        "text": "Which countries have the most of cases?",
        "userDefined": false
      }
    ],
    "isTemplate": false,
    "count": 0,
    "updated": 0
  },
  {
    "id": "88ce3f84-f61a-4c3c-82a5-aa402ad43b61",
    "data": [
      {
        "text": "Which states have the most ",
        "userDefined": false
      },
      {
        "text": "covid19",
        "alias": "covid-19",
        "meta": "@covid-19",
        "userDefined": false
      },
      {
        "text": " cases?",
        "userDefined": false
      }
    ],
    "isTemplate": false,
    "count": 0,
    "updated": 0
  },
  {
    "id": "b49a227e-a50e-4f80-8dc5-b31d6009ad0f",
    "data": [
      {
        "text": "How many cases of covid-19 are there?",
        "userDefined": false
      }
    ],
    "isTemplate": false,
    "count": 0,
    "updated": 0
  },
  {
    "id": "148058f3-1c34-40c7-a0e0-eaa85b593e17",
    "data": [
      {
        "text": "How many cases in ",
        "userDefined": false
      },
      {
        "text": "the United States",
        "alias": "geo-country",
        "meta": "@sys.geo-country",
        "userDefined": false
      },
      {
        "text": "?",
        "userDefined": false
      }
    ],
    "isTemplate": false,
    "count": 1,
    "updated": 0
  },
  {
    "id": "12a1ef8c-f9ce-47fe-8be4-20b241335049",
    "data": [
      {
        "text": "infected people in ",
        "userDefined": false
      },
      {
        "text": "india",
        "alias": "geo-country",
        "meta": "@sys.geo-country",
        "userDefined": false
      }
    ],
    "isTemplate": false,
    "count": 0,
    "updated": 0
  },
  {
    "id": "60e549f2-888e-4b7b-8ee3-cf12b8683feb",
    "data": [
      {
        "text": "How is covid situation in ",
        "userDefined": false
      },
      {
        "text": "Italy",
        "alias": "geo-country",
        "meta": "@sys.geo-country",
        "userDefined": false
      }
    ],
    "isTemplate": false,
    "count": 0,
    "updated": 0
  },
  {
    "id": "3f3d50bf-2ddc-4e5b-a3b7-d099f7b04e1e",
    "data": [
      {
        "text": "How many cases of covid-19 or Animal Planet, Georgia?",
        "userDefined": false
      }
    ],
    "isTemplate": false,
    "count": 0,
    "updated": 0
  },
  {
    "id": "60d33739-1244-408b-b950-1b52989b4882",
    "data": [
      {
        "text": "How many cases are in Georgia?",
        "userDefined": false
      }
    ],
    "isTemplate": false,
    "count": 0,
    "updated": 0
  },
  {
    "id": "fde8e15b-6529-4acd-9219-41ffbbde6a38",
    "data": [
      {
        "text": "How many incidents are there in California?",
        "userDefined": false
      }
    ],
    "isTemplate": false,
    "count": 0,
    "updated": 0
  },
  {
    "id": "7c5eb1da-b978-443b-8c35-30e6d8f5318a",
    "data": [
      {
        "text": "How many cases of ",
        "userDefined": false
      },
      {
        "text": "coronavirus",
        "alias": "covid-19",
        "meta": "@covid-19",
        "userDefined": false
      },
      {
        "text": " are there in ",
        "userDefined": false
      },
      {
        "text": "Nigeria",
        "alias": "geo-country",
        "meta": "@sys.geo-country",
        "userDefined": false
      },
      {
        "text": "?",
        "userDefined": false
      }
    ],
    "isTemplate": false,
    "count": 0,
    "updated": 0
  },
  {
    "id": "f317b9f8-506b-4303-8887-f6daee049086",
    "data": [
      {
        "text": "How many people have called ",
        "userDefined": false
      },
      {
        "text": "Corona",
        "alias": "covid-19",
        "meta": "@covid-19",
        "userDefined": false
      },
      {
        "text": " virus in the ",
        "userDefined": false
      },
      {
        "text": "US",
        "alias": "geo-country",
        "meta": "@sys.geo-country",
        "userDefined": false
      },
      {
        "text": "?",
        "userDefined": false
      }
    ],
    "isTemplate": false,
    "count": 0,
    "updated": 0
  },
  {
    "id": "f2e1c6b5-f3c8-4e57-8a96-0a0ac88fb27b",
    "data": [
      {
        "text": "How many cases are in Massachusetts?",
        "userDefined": false
      }
    ],
    "isTemplate": false,
    "count": 0,
    "updated": 0
  },
  {
    "id": "013729a9-7e2d-4d6e-bf7f-a0509ac68173",
    "data": [
      {
        "text": "What\u0027s the number of cases in the ",
        "userDefined": false
      },
      {
        "text": "US",
        "alias": "geo-country",
        "meta": "@sys.geo-country",
        "userDefined": false
      },
      {
        "text": "?",
        "userDefined": false
      }
    ],
    "isTemplate": false,
    "count": 0,
    "updated": 0
  },
  {
    "id": "d654c36b-1d8f-4f9c-a71b-4bd07450c358",
    "data": [
      {
        "text": "total number of cases in ",
        "userDefined": false
      },
      {
        "text": "New Zealand",
        "alias": "geo-country",
        "meta": "@sys.geo-country",
        "userDefined": false
      }
    ],
    "isTemplate": false,
    "count": 0,
    "updated": 0
  },
  {
    "id": "0c51ad59-ccea-495f-88dc-0d0002f22f38",
    "data": [
      {
        "text": "total cases of ",
        "userDefined": false
      },
      {
        "text": "coronavirus",
        "alias": "covid-19",
        "meta": "@covid-19",
        "userDefined": false
      },
      {
        "text": " in ",
        "userDefined": false
      },
      {
        "text": "india",
        "alias": "geo-country",
        "meta": "@sys.geo-country",
        "userDefined": false
      }
    ],
    "isTemplate": false,
    "count": 0,
    "updated": 0
  },
  {
    "id": "5da8b6ba-e0a2-4d05-9f8c-cc2b47f8ae46",
    "data": [
      {
        "text": "how many cases are open in ",
        "userDefined": false
      },
      {
        "text": "south africa",
        "alias": "geo-country",
        "meta": "@sys.geo-country",
        "userDefined": false
      }
    ],
    "isTemplate": false,
    "count": 0,
    "updated": 0
  },
  {
    "id": "650f5c33-3bdc-43c1-b5a8-e8f1329903cd",
    "data": [
      {
        "text": "how many cases are open in ",
        "userDefined": false
      },
      {
        "text": "india",
        "alias": "geo-country",
        "meta": "@sys.geo-country",
        "userDefined": false
      }
    ],
    "isTemplate": false,
    "count": 0,
    "updated": 0
  },
  {
    "id": "86589a19-bc8b-4188-8d42-0d0788e1dafb",
    "data": [
      {
        "text": "how many cases in ",
        "userDefined": false
      },
      {
        "text": "south africa",
        "alias": "geo-country",
        "meta": "@sys.geo-country",
        "userDefined": false
      }
    ],
    "isTemplate": false,
    "count": 0,
    "updated": 0
  },
  {
    "id": "7ce3bd0c-660f-4c09-b750-bf3255a8df0b",
    "data": [
      {
        "text": "total cases in ",
        "userDefined": false
      },
      {
        "text": "india",
        "alias": "geo-country",
        "meta": "@sys.geo-country",
        "userDefined": false
      }
    ],
    "isTemplate": false,
    "count": 0,
    "updated": 0
  },
  {
    "id": "3df43d9b-c1ae-4a2c-8ecb-4e284117468d",
    "data": [
      {
        "text": "total cases in ",
        "userDefined": false
      },
      {
        "text": "Jamaica",
        "alias": "geo-country",
        "meta": "@sys.geo-country",
        "userDefined": false
      }
    ],
    "isTemplate": false,
    "count": 0,
    "updated": 0
  },
  {
    "id": "b829949d-7eec-4243-9ef6-27a3705ef9e4",
    "data": [
      {
        "text": "total cases in princeton",
        "userDefined": false
      }
    ],
    "isTemplate": false,
    "count": 0,
    "updated": 0
  },
  {
    "id": "9bb194f0-b5dd-4c5d-a172-8e2b649a2395",
    "data": [
      {
        "text": "total cases in ",
        "userDefined": false
      },
      {
        "text": "italy",
        "alias": "geo-country",
        "meta": "@sys.geo-country",
        "userDefined": false
      }
    ],
    "isTemplate": false,
    "count": 0,
    "updated": 0
  },
  {
    "id": "458ffbcb-fe32-436b-b2cc-ac453106c1d4",
    "data": [
      {
        "text": "total cases",
        "userDefined": false
      }
    ],
    "isTemplate": false,
    "count": 0,
    "updated": 0
  },
  {
    "id": "9322549e-7420-4b37-b0de-2fc77f35e8a3",
    "data": [
      {
        "text": "total cases in ",
        "userDefined": false
      },
      {
        "text": "US",
        "alias": "geo-country",
        "meta": "@sys.geo-country",
        "userDefined": false
      }
    ],
    "isTemplate": false,
    "count": 0,
    "updated": 0
  },
  {
    "id": "aa06277d-1d3d-473a-b339-2b7c0ec55591",
    "data": [
      {
        "text": "How many incidents have been recorded?",
        "userDefined": false
      }
    ],
    "isTemplate": false,
    "count": 0,
    "updated": 0
  },
  {
    "id": "1f077c94-bd60-4111-a745-4b89eb65a271",
    "data": [
      {
        "text": "How many incidents have been reported to?",
        "userDefined": false
      }
    ],
    "isTemplate": false,
    "count": 0,
    "updated": 0
  },
  {
    "id": "a6f948c7-e693-4428-b45b-17249078da64",
    "data": [
      {
        "text": "How many incidents have been reported in ",
        "userDefined": false
      },
      {
        "text": "Canada",
        "alias": "geo-country",
        "meta": "@sys.geo-country",
        "userDefined": false
      },
      {
        "text": "?",
        "userDefined": false
      }
    ],
    "isTemplate": false,
    "count": 0,
    "updated": 0
  },
  {
    "id": "449ce05f-415f-4ae6-ada4-c0960bdb5b17",
    "data": [
      {
        "text": "How many cases have been reported in the ",
        "userDefined": false
      },
      {
        "text": "Vatican",
        "alias": "geo-country",
        "meta": "@sys.geo-country",
        "userDefined": false
      },
      {
        "text": " City?",
        "userDefined": false
      }
    ],
    "isTemplate": false,
    "count": 0,
    "updated": 0
  },
  {
    "id": "6667e1de-474f-4de1-a2b9-5f7409bfe9a9",
    "data": [
      {
        "text": "infection rate",
        "userDefined": false
      }
    ],
    "isTemplate": false,
    "count": 0,
    "updated": 0
  },
  {
    "id": "c181df95-09a4-4ff1-b59a-939cb42b80fd",
    "data": [
      {
        "text": "Is there ",
        "userDefined": false
      },
      {
        "text": "wuhan virus",
        "alias": "covid-19",
        "meta": "@covid-19",
        "userDefined": false
      },
      {
        "text": " in my neighborhood?",
        "userDefined": false
      }
    ],
    "isTemplate": false,
    "count": 0,
    "updated": 0
  },
  {
    "id": "efb93286-1963-416f-a3d8-6d395dfcfd8d",
    "data": [
      {
        "text": "how many people are infected?",
        "userDefined": false
      }
    ],
    "isTemplate": false,
    "count": 1,
    "updated": 0
  },
  {
    "id": "805b2106-8885-4f66-a91f-f50414ea3e04",
    "data": [
      {
        "text": "how many cases are there globally",
        "userDefined": false
      }
    ],
    "isTemplate": false,
    "count": 0,
    "updated": 0
  },
  {
    "id": "1d225350-bbcd-4f8d-8ae0-498f16065bc9",
    "data": [
      {
        "text": "how many people of affected in ",
        "userDefined": false
      },
      {
        "text": "US",
        "alias": "geo-country",
        "meta": "@sys.geo-country",
        "userDefined": false
      },
      {
        "text": " ?",
        "userDefined": false
      }
    ],
    "isTemplate": false,
    "count": 0,
    "updated": 0
  },
  {
    "id": "002e0e26-cf73-468f-8a0a-cc91a9e185c4",
    "data": [
      {
        "text": "how many people are affected in ",
        "userDefined": false
      },
      {
        "text": "India",
        "alias": "geo-country",
        "meta": "@sys.geo-country",
        "userDefined": false
      },
      {
        "text": " ?",
        "userDefined": false
      }
    ],
    "isTemplate": false,
    "count": 0,
    "updated": 0
  },
  {
    "id": "cac13182-258a-48a8-a088-6a9a0388678a",
    "data": [
      {
        "text": "What is the status in the state of vermont",
        "userDefined": false
      }
    ],
    "isTemplate": false,
    "count": 0,
    "updated": 0
  },
  {
    "id": "a7e12930-baec-4d92-abe5-bda1db1d1412",
    "data": [
      {
        "text": "how many incidents have been reported in ",
        "userDefined": false
      },
      {
        "text": "Japan",
        "alias": "geo-country",
        "meta": "@sys.geo-country",
        "userDefined": false
      }
    ],
    "isTemplate": false,
    "count": 0,
    "updated": 0
  },
  {
    "id": "34239a68-09e6-4b0c-9267-43a5b21d10bb",
    "data": [
      {
        "text": "how many cases are there in marin",
        "userDefined": false
      }
    ],
    "isTemplate": false,
    "count": 0,
    "updated": 0
  },
  {
    "id": "f0333bad-98be-4560-bd1c-803e36b19477",
    "data": [
      {
        "text": "how many cases in Austin",
        "userDefined": false
      }
    ],
    "isTemplate": false,
    "count": 0,
    "updated": 0
  },
  {
    "id": "b4c799fa-9ae8-4959-ac03-cf8ba98938df",
    "data": [
      {
        "text": "where is the biggest outbreak",
        "userDefined": false
      }
    ],
    "isTemplate": false,
    "count": 0,
    "updated": 0
  },
  {
    "id": "c4131d75-3c5e-4f92-b86e-cb349425dc78",
    "data": [
      {
        "text": "how many cases of covid are there",
        "userDefined": false
      }
    ],
    "isTemplate": false,
    "count": 0,
    "updated": 0
  },
  {
    "id": "78c8fd6d-9f82-4509-bb47-27d9dc5e35b6",
    "data": [
      {
        "text": "what is the infection in my state",
        "userDefined": false
      }
    ],
    "isTemplate": false,
    "count": 0,
    "updated": 0
  },
  {
    "id": "99e66a8d-69f9-4838-8d7b-8e56c7e8f033",
    "data": [
      {
        "text": "How many cases are there?",
        "userDefined": false
      }
    ],
    "isTemplate": false,
    "count": 1,
    "updated": 0
  },
  {
    "id": "1bfaf0be-ef8a-48df-80d2-8644e627f8a6",
    "data": [
      {
        "text": "how many people are infected in maryland?",
        "userDefined": false
      }
    ],
    "isTemplate": false,
    "count": 0,
    "updated": 0
  },
  {
    "id": "f05805e4-6249-48e5-9e06-17d29f1f8cf5",
    "data": [
      {
        "text": "How many cases did California have?",
        "userDefined": false
      }
    ],
    "isTemplate": false,
    "count": 0,
    "updated": 0
  },
  {
    "id": "2f6a3bcf-af7d-4253-af15-5fec02def556",
    "data": [
      {
        "text": "How many cases are open in the ",
        "userDefined": false
      },
      {
        "text": "United States",
        "alias": "geo-country",
        "meta": "@sys.geo-country",
        "userDefined": false
      },
      {
        "text": "?",
        "userDefined": false
      }
    ],
    "isTemplate": false,
    "count": 0,
    "updated": 0
  },
  {
    "id": "85f57af6-0cd6-4ee9-9193-a431ae73c7aa",
    "data": [
      {
        "text": "how many known cases in georgia",
        "userDefined": false
      }
    ],
    "isTemplate": false,
    "count": 0,
    "updated": 0
  },
  {
    "id": "cfe5c4f0-d621-4217-acf6-bee2373ba332",
    "data": [
      {
        "text": "Is ",
        "userDefined": false
      },
      {
        "text": "coronavirus",
        "alias": "covid-19",
        "meta": "@covid-19",
        "userDefined": false
      },
      {
        "text": " spreading in ",
        "userDefined": false
      },
      {
        "text": "California",
        "alias": "geo-state",
        "meta": "@sys.geo-state",
        "userDefined": false
      },
      {
        "text": "?",
        "userDefined": false
      }
    ],
    "isTemplate": false,
    "count": 1,
    "updated": 0
  },
  {
    "id": "139c4841-172a-4e37-933c-cd0d98a18ccb",
    "data": [
      {
        "text": "Where is the outbreak the worst?",
        "userDefined": false
      }
    ],
    "isTemplate": false,
    "count": 0,
    "updated": 0
  },
  {
    "id": "37bf8e69-3879-4e90-a831-bb93c3855272",
    "data": [
      {
        "text": "What are the latest statistics for ",
        "userDefined": false
      },
      {
        "text": "Singapore",
        "alias": "geo-country",
        "meta": "@sys.geo-country",
        "userDefined": false
      },
      {
        "text": "?",
        "userDefined": false
      }
    ],
    "isTemplate": false,
    "count": 0,
    "updated": 0
  },
  {
    "id": "cede2aff-c14f-47a0-8981-a1fe1d034479",
    "data": [
      {
        "text": "how many people in the state of new york have the virus?",
        "userDefined": false
      }
    ],
    "isTemplate": false,
    "count": 0,
    "updated": 0
  },
  {
    "id": "ac893a86-d8f9-420a-adcc-83546dad2a2a",
    "data": [
      {
        "text": "statistics",
        "userDefined": false
      }
    ],
    "isTemplate": false,
    "count": 0,
    "updated": 0
  },
  {
    "id": "3f221f5e-f237-4368-8b02-0899dc87db90",
    "data": [
      {
        "text": "How many cases are in ",
        "userDefined": false
      },
      {
        "text": "singapore",
        "alias": "geo-country",
        "meta": "@sys.geo-country",
        "userDefined": false
      },
      {
        "text": "?",
        "userDefined": false
      }
    ],
    "isTemplate": false,
    "count": 0,
    "updated": 0
  },
  {
    "id": "7038364e-0925-40b3-9718-e07d20c94566",
    "data": [
      {
        "text": "Which area has the highest covid",
        "userDefined": false
      }
    ],
    "isTemplate": false,
    "count": 0,
    "updated": 0
  },
  {
    "id": "62248713-518b-4715-8fd2-bed2ce89078e",
    "data": [
      {
        "text": "Which area has covid",
        "userDefined": false
      },
      {
        "text": "19",
        "alias": "number",
        "meta": "@sys.number",
        "userDefined": false
      },
      {
        "text": " infection?",
        "userDefined": false
      }
    ],
    "isTemplate": false,
    "count": 0,
    "updated": 0
  },
  {
    "id": "df2b44e9-fa58-4870-9d87-068d62c6e759",
    "data": [
      {
        "text": "How many people are infected?",
        "userDefined": false
      }
    ],
    "isTemplate": false,
    "count": 0,
    "updated": 0
  },
  {
    "id": "0b20fb57-4a43-4eea-9a72-438a9264ea34",
    "data": [
      {
        "text": "how many new cases today",
        "userDefined": false
      }
    ],
    "isTemplate": false,
    "count": 0,
    "updated": 0
  },
  {
    "id": "153e0d85-c579-4ee3-9ea1-6515885c1711",
    "data": [
      {
        "text": "singapore",
        "alias": "geo-country",
        "meta": "@sys.geo-country",
        "userDefined": false
      },
      {
        "text": " cases",
        "userDefined": false
      }
    ],
    "isTemplate": false,
    "count": 0,
    "updated": 0
  },
  {
    "id": "40c34533-6503-4b1d-baf9-9d13a50359c5",
    "data": [
      {
        "text": "Latest cases in ",
        "userDefined": false
      },
      {
        "text": "china",
        "alias": "geo-country",
        "meta": "@sys.geo-country",
        "userDefined": false
      }
    ],
    "isTemplate": false,
    "count": 0,
    "updated": 0
  },
  {
    "id": "c70338c0-91b5-46c4-95b9-71baa565d5b0",
    "data": [
      {
        "text": "Cases reported in last 6 hours",
        "userDefined": false
      }
    ],
    "isTemplate": false,
    "count": 0,
    "updated": 0
  },
  {
    "id": "fff327ad-5014-4648-8b08-7d2c8741cc19",
    "data": [
      {
        "text": "Cases reported in last 24 hours",
        "userDefined": false
      }
    ],
    "isTemplate": false,
    "count": 0,
    "updated": 0
  },
  {
    "id": "335eaa93-9233-4c9e-81ec-b405a5f372c0",
    "data": [
      {
        "text": "which are the states with highest cases reported",
        "userDefined": false
      }
    ],
    "isTemplate": false,
    "count": 0,
    "updated": 0
  },
  {
    "id": "e4f26ad7-10b2-44b6-8084-5b5aed392dd4",
    "data": [
      {
        "text": "what is the total number of cases in ",
        "userDefined": false
      },
      {
        "text": "US",
        "alias": "geo-country",
        "meta": "@sys.geo-country",
        "userDefined": false
      }
    ],
    "isTemplate": false,
    "count": 0,
    "updated": 0
  },
  {
    "id": "3018c853-38da-4e6b-9bb3-4ce9124f9cdf",
    "data": [
      {
        "text": "Is ",
        "userDefined": false
      },
      {
        "text": "coronavirus",
        "alias": "covid-19",
        "meta": "@covid-19",
        "userDefined": false
      },
      {
        "text": " spreading in ",
        "userDefined": false
      },
      {
        "text": "California",
        "alias": "geo-state",
        "meta": "@sys.geo-state",
        "userDefined": false
      }
    ],
    "isTemplate": false,
    "count": 0,
    "updated": 0
  },
  {
    "id": "0db37c99-5e06-4acb-94ef-73e1c15d0fc4",
    "data": [
      {
        "text": "How many people has been effective in my area?",
        "userDefined": false
      }
    ],
    "isTemplate": false,
    "count": 0,
    "updated": 0
  },
  {
    "id": "b1350bd6-32ea-4ba7-81a6-c535c34bf949",
    "data": [
      {
        "text": "How many people have been infected in my area?",
        "userDefined": false
      }
    ],
    "isTemplate": false,
    "count": 0,
    "updated": 0
  },
  {
    "id": "bee316d8-1267-4255-91ee-0a044015d521",
    "data": [
      {
        "text": "What\u0027s the estimated number of people infected with the covid-19?",
        "userDefined": false
      }
    ],
    "isTemplate": false,
    "count": 0,
    "updated": 0
  },
  {
    "id": "e180f077-5e7a-4aa5-896f-24d3dd0a5407",
    "data": [
      {
        "text": "how many people in Indiana have been confirmed?",
        "userDefined": false
      }
    ],
    "isTemplate": false,
    "count": 0,
    "updated": 0
  },
  {
    "id": "ecea1aeb-0bda-4d1d-8434-1a9dd48dcb4b",
    "data": [
      {
        "text": "how many cases in indiana have been confirmed?",
        "userDefined": false
      }
    ],
    "isTemplate": false,
    "count": 0,
    "updated": 0
  },
  {
    "id": "010eca54-d0ff-43de-b71d-d0d6acd62490",
    "data": [
      {
        "text": "How many confirmed cases have been found in ",
        "userDefined": false
      },
      {
        "text": "Canada",
        "alias": "geo-country",
        "meta": "@sys.geo-country",
        "userDefined": false
      },
      {
        "text": "?",
        "userDefined": false
      }
    ],
    "isTemplate": false,
    "count": 1,
    "updated": 0
  },
  {
    "id": "09432cf7-5242-4695-8bc4-5dab87721056",
    "data": [
      {
        "text": "what\u0027s the current number of cases in california",
        "userDefined": false
      }
    ],
    "isTemplate": false,
    "count": 0,
    "updated": 0
  },
  {
    "id": "63253d34-ee17-4160-ba76-0a3617cae14d",
    "data": [
      {
        "text": "How many people in the ",
        "userDefined": false
      },
      {
        "text": "United States",
        "alias": "geo-country",
        "meta": "@sys.geo-country",
        "userDefined": false
      },
      {
        "text": " a tested positive for covid-19?",
        "userDefined": false
      }
    ],
    "isTemplate": false,
    "count": 0,
    "updated": 0
  },
  {
    "id": "19518528-6a6f-44bf-ab19-c21ae0854cbd",
    "data": [
      {
        "text": "How many people have covid-19?",
        "userDefined": false
      }
    ],
    "isTemplate": false,
    "count": 0,
    "updated": 0
  },
  {
    "id": "bd23cdfa-0d42-428b-b0ec-23fedce7c47b",
    "data": [
      {
        "text": "How many people are effective ",
        "userDefined": false
      },
      {
        "text": "today",
        "alias": "date-time",
        "meta": "@sys.date-time",
        "userDefined": false
      },
      {
        "text": "?",
        "userDefined": false
      }
    ],
    "isTemplate": false,
    "count": 0,
    "updated": 0
  },
  {
    "id": "e0e482bb-0bef-43bd-86b1-1d8ad50f501f",
    "data": [
      {
        "text": "How many people are affected by the ",
        "userDefined": false
      },
      {
        "text": "Coronavirus",
        "alias": "covid-19",
        "meta": "@covid-19",
        "userDefined": false
      },
      {
        "text": "?",
        "userDefined": false
      }
    ],
    "isTemplate": false,
    "count": 0,
    "updated": 0
  },
  {
    "id": "613c9f48-4396-4d2f-9c62-90e75cb65fc4",
    "data": [
      {
        "text": "How many people have caught the ",
        "userDefined": false
      },
      {
        "text": "Coronavirus",
        "alias": "covid-19",
        "meta": "@covid-19",
        "userDefined": false
      },
      {
        "text": "?",
        "userDefined": false
      }
    ],
    "isTemplate": false,
    "count": 0,
    "updated": 0
  },
  {
    "id": "df4b50c5-b8ed-4237-8a0d-1b6d2ea38700",
    "data": [
      {
        "text": "How many cases are there in ",
        "userDefined": false
      },
      {
        "text": "San Francisco",
        "alias": "geo-city",
        "userDefined": false
      },
      {
        "text": "?",
        "userDefined": false
      }
    ],
    "isTemplate": false,
    "count": 0,
    "updated": 0
  },
  {
    "id": "32c97a32-a471-44b2-9ed4-c6ec8917a22d",
    "data": [
      {
        "text": "How many cases are in Michigan?",
        "userDefined": false
      }
    ],
    "isTemplate": false,
    "count": 0,
    "updated": 0
  },
  {
    "id": "1b9633ad-166c-4315-b4cf-31a32eee9561",
    "data": [
      {
        "text": "Positive cases I\u0027m ",
        "userDefined": false
      },
      {
        "text": "US",
        "alias": "geo-country",
        "meta": "@sys.geo-country",
        "userDefined": false
      },
      {
        "text": " today",
        "userDefined": false
      }
    ],
    "isTemplate": false,
    "count": 0,
    "updated": 0
  },
  {
    "id": "4705140e-56aa-43d7-a7e0-fe8ffb2072ca",
    "data": [
      {
        "text": "How many people infected in ",
        "userDefined": false
      },
      {
        "text": "Seattle",
        "alias": "geo-city",
        "meta": "@sys.geo-city",
        "userDefined": false
      },
      {
        "text": "?",
        "userDefined": false
      }
    ],
    "isTemplate": false,
    "count": 0,
    "updated": 0
  },
  {
    "id": "2ebbf495-2700-48bc-a966-12e30bdf0bcc",
    "data": [
      {
        "text": "How many confirmed cases in ",
        "userDefined": false
      },
      {
        "text": "Seattle",
        "alias": "geo-city",
        "meta": "@sys.geo-city",
        "userDefined": false
      },
      {
        "text": "?",
        "userDefined": false
      }
    ],
    "isTemplate": false,
    "count": 0,
    "updated": 0
  },
  {
    "id": "c9b4b4c3-d4bc-49dd-a824-4b15386368fd",
    "data": [
      {
        "text": "How many cases are there in Texas?",
        "userDefined": false
      }
    ],
    "isTemplate": false,
    "count": 0,
    "updated": 0
  },
  {
    "id": "0d779542-daa6-484d-ac2c-eb9eecc18d92",
    "data": [
      {
        "text": "How many ",
        "userDefined": false
      },
      {
        "text": "Americans",
        "alias": "geo-country",
        "meta": "@sys.geo-country",
        "userDefined": false
      },
      {
        "text": " are infected?",
        "userDefined": false
      }
    ],
    "isTemplate": false,
    "count": 0,
    "updated": 0
  },
  {
    "id": "9f3b8da9-1b9c-4ad7-89c3-900b35ff9973",
    "data": [
      {
        "text": "how many confirmed cases in the ",
        "userDefined": false
      },
      {
        "text": "US",
        "alias": "geo-country",
        "meta": "@sys.geo-country",
        "userDefined": false
      },
      {
        "text": "?",
        "userDefined": false
      }
    ],
    "isTemplate": false,
    "count": 0,
    "updated": 0
  },
  {
    "id": "ae882be3-b2ca-4985-aa91-102353832b5d",
    "data": [
      {
        "text": "How many rivets of cases do to do we see?",
        "userDefined": false
      }
    ],
    "isTemplate": false,
    "count": 1,
    "updated": 0
  },
  {
    "id": "55e75def-2da3-434e-bcfa-ac0549191960",
    "data": [
      {
        "text": "Can you give me the latest numbers?",
        "userDefined": false
      }
    ],
    "isTemplate": false,
    "count": 0,
    "updated": 0
  },
  {
    "id": "bce60d39-af30-4b9f-9eae-f5def572e5d7",
    "data": [
      {
        "text": "What is the number of ",
        "userDefined": false
      },
      {
        "text": "coronavirus",
        "alias": "covid-19",
        "meta": "@covid-19",
        "userDefined": false
      },
      {
        "text": " cases in Alameda?",
        "userDefined": false
      }
    ],
    "isTemplate": false,
    "count": 0,
    "updated": 0
  },
  {
    "id": "187fc7dc-3d02-482e-b626-333e992d2c92",
    "data": [
      {
        "text": "Just how many people are infected with ",
        "userDefined": false
      },
      {
        "text": "Coronavirus",
        "alias": "covid-19",
        "meta": "@covid-19",
        "userDefined": false
      },
      {
        "text": "?",
        "userDefined": false
      }
    ],
    "isTemplate": false,
    "count": 0,
    "updated": 0
  },
  {
    "id": "29ebfd94-090d-482b-a425-458212d161b4",
    "data": [
      {
        "text": "what\u0027s the number of confirmed cases in ",
        "userDefined": false
      },
      {
        "text": "Canada",
        "alias": "geo-country",
        "meta": "@sys.geo-country",
        "userDefined": false
      },
      {
        "text": "?",
        "userDefined": false
      }
    ],
    "isTemplate": false,
    "count": 0,
    "updated": 0
  },
  {
    "id": "69a3c02e-d427-4541-a8a5-560b6523b939",
    "data": [
      {
        "text": "how many cases of ",
        "userDefined": false
      },
      {
        "text": "coronavirus",
        "alias": "covid-19",
        "meta": "@covid-19",
        "userDefined": false
      },
      {
        "text": " in the ",
        "userDefined": false
      },
      {
        "text": "US",
        "alias": "geo-country",
        "meta": "@sys.geo-country",
        "userDefined": false
      },
      {
        "text": "?",
        "userDefined": false
      }
    ],
    "isTemplate": false,
    "count": 0,
    "updated": 0
  },
  {
    "id": "1ddffae2-1aa4-4c12-b1be-756e1a9f09ee",
    "data": [
      {
        "text": "what\u0027s the total number of people who has ",
        "userDefined": false
      },
      {
        "text": "coronavirus",
        "alias": "covid-19",
        "meta": "@covid-19",
        "userDefined": false
      },
      {
        "text": "?",
        "userDefined": false
      }
    ],
    "isTemplate": false,
    "count": 0,
    "updated": 0
  },
  {
    "id": "647112dd-c001-4f73-b9c6-c4812a400d14",
    "data": [
      {
        "text": "number of cases of ",
        "userDefined": false
      },
      {
        "text": "coronavirus",
        "alias": "covid-19",
        "meta": "@covid-19",
        "userDefined": false
      },
      {
        "text": " diagnosed",
        "userDefined": false
      }
    ],
    "isTemplate": false,
    "count": 0,
    "updated": 0
  },
  {
    "id": "7ca05d78-2f20-4e45-8828-4aa1ab90bb55",
    "data": [
      {
        "text": "How many cases are there in my area?",
        "userDefined": false
      }
    ],
    "isTemplate": false,
    "count": 0,
    "updated": 0
  },
  {
    "id": "65a432c0-6d0a-4a61-a8f9-fc11869ee1d2",
    "data": [
      {
        "text": "number of people who caught the disease",
        "userDefined": false
      }
    ],
    "isTemplate": false,
    "count": 0,
    "updated": 0
  },
  {
    "id": "7675ed2a-645a-4a39-b6e6-d7ebe14dbd62",
    "data": [
      {
        "text": "total number of confirmed cases",
        "userDefined": false
      }
    ],
    "isTemplate": false,
    "count": 0,
    "updated": 0
  },
  {
    "id": "15d46d15-fa7e-429f-9a50-a938a872851e",
    "data": [
      {
        "text": "just how many people are infected with ",
        "userDefined": false
      },
      {
        "text": "coronavirus",
        "alias": "covid-19",
        "meta": "@covid-19",
        "userDefined": false
      },
      {
        "text": "?",
        "userDefined": false
      }
    ],
    "isTemplate": false,
    "count": 0,
    "updated": 0
  },
  {
    "id": "c891099c-18e0-43bd-a6d6-5870f64102db",
    "data": [
      {
        "text": "How many people have caught ",
        "userDefined": false
      },
      {
        "text": "coronavirus",
        "alias": "covid-19",
        "meta": "@covid-19",
        "userDefined": false
      },
      {
        "text": "?",
        "userDefined": false
      }
    ],
    "isTemplate": false,
    "count": 0,
    "updated": 0
  }
]