[
  {
    "id": "bb151578-8770-4a51-818a-e02ff1d6d474",
    "data": [
      {
        "text": "How dangerous is ",
        "userDefined": false
      },
      {
        "text": "Covid",
        "alias": "covid-19",
        "meta": "@covid-19",
        "userDefined": false
      }
    ],
    "isTemplate": false,
    "count": 0,
    "updated": 0
  },
  {
    "id": "02f84c5e-3f71-4d84-9fe7-28326eeebf0b",
    "data": [
      {
        "text": "Who is most at risk?",
        "userDefined": false
      }
    ],
    "isTemplate": false,
    "count": 0,
    "updated": 0
  },
  {
    "id": "065ff6f4-6d98-4b9b-8060-a3155162ca1a",
    "data": [
      {
        "text": "Who is most at risk for ",
        "userDefined": false
      },
      {
        "text": "coronavirus",
        "alias": "covid-19",
        "meta": "@covid-19",
        "userDefined": false
      },
      {
        "text": "?",
        "userDefined": false
      }
    ],
    "isTemplate": false,
    "count": 0,
    "updated": 0
  },
  {
    "id": "d21b44de-c0b0-418a-a709-777f9ea1370f",
    "data": [
      {
        "text": "is ",
        "userDefined": false
      },
      {
        "text": "corona",
        "alias": "covid-19",
        "meta": "@covid-19",
        "userDefined": false
      },
      {
        "text": " more contagious than normal flu",
        "userDefined": false
      }
    ],
    "isTemplate": false,
    "count": 0,
    "updated": 0
  },
  {
    "id": "75a73c48-6a56-47d0-9dec-2edf0007798f",
    "data": [
      {
        "text": "am I at risk if i am 46?",
        "userDefined": false
      }
    ],
    "isTemplate": false,
    "count": 0,
    "updated": 0
  },
  {
    "id": "33ff98d0-9842-47b6-b4d5-aecc02589d9c",
    "data": [
      {
        "text": "who is most vulnerable?",
        "userDefined": false
      }
    ],
    "isTemplate": false,
    "count": 0,
    "updated": 0
  },
  {
    "id": "f7b9ae5c-d610-4295-bbbf-f84ee7a4affc",
    "data": [
      {
        "text": "Does a high potassium diet reduce risk of catching the virus?",
        "userDefined": false
      }
    ],
    "isTemplate": false,
    "count": 0,
    "updated": 0
  },
  {
    "id": "d626e5de-d148-426c-a78d-7b3ddc013ea8",
    "data": [
      {
        "text": "Can young people die of ",
        "userDefined": false
      },
      {
        "text": "coronavirus",
        "alias": "covid-19",
        "meta": "@covid-19",
        "userDefined": false
      },
      {
        "text": "?",
        "userDefined": false
      }
    ],
    "isTemplate": false,
    "count": 1,
    "updated": 0
  },
  {
    "id": "5a40be8d-dd1f-423b-a837-309c4b79ed83",
    "data": [
      {
        "text": "what are my odds of catching ",
        "userDefined": false
      },
      {
        "text": "Coronavirus",
        "alias": "covid-19",
        "meta": "@covid-19",
        "userDefined": false
      }
    ],
    "isTemplate": false,
    "count": 0,
    "updated": 0
  },
  {
    "id": "cc2d7a8c-8572-4239-b4b7-14e35b63ee09",
    "data": [
      {
        "text": "how long does it take to recover?",
        "userDefined": false
      }
    ],
    "isTemplate": false,
    "count": 0,
    "updated": 0
  },
  {
    "id": "c5003713-8508-451d-b121-e1338eb3f752",
    "data": [
      {
        "text": "how dangerous is ",
        "userDefined": false
      },
      {
        "text": "corona",
        "alias": "covid-19",
        "meta": "@covid-19",
        "userDefined": false
      }
    ],
    "isTemplate": false,
    "count": 0,
    "updated": 0
  },
  {
    "id": "a663d47c-569f-480a-b3e3-d2f4bc229853",
    "data": [
      {
        "text": "how dangerous is it actually",
        "userDefined": false
      }
    ],
    "isTemplate": false,
    "count": 0,
    "updated": 0
  },
  {
    "id": "5c7eb3f7-3bef-46b0-af9a-f4a32519650b",
    "data": [
      {
        "text": "who are the people at higher risk",
        "userDefined": false
      }
    ],
    "isTemplate": false,
    "count": 0,
    "updated": 0
  },
  {
    "id": "aa6ae957-1b45-4750-b194-b45e209875dc",
    "data": [
      {
        "text": "what age groups does the ",
        "userDefined": false
      },
      {
        "text": "coronavirus",
        "alias": "covid-19",
        "meta": "@covid-19",
        "userDefined": false
      },
      {
        "text": " affect?",
        "userDefined": false
      }
    ],
    "isTemplate": false,
    "count": 0,
    "updated": 0
  },
  {
    "id": "ad9de831-efdc-4961-8e18-6a64e2f1131d",
    "data": [
      {
        "text": "why are elderly more at risk",
        "userDefined": false
      }
    ],
    "isTemplate": false,
    "count": 0,
    "updated": 0
  },
  {
    "id": "d18e0f4c-d11e-42da-98d7-ff2c0cb81bcc",
    "data": [
      {
        "text": "what people are at higher risk?",
        "userDefined": false
      }
    ],
    "isTemplate": false,
    "count": 0,
    "updated": 0
  },
  {
    "id": "de7c0a7c-c9fc-44ec-b54c-488245197fb4",
    "data": [
      {
        "text": "Who is at risk?",
        "userDefined": false
      }
    ],
    "isTemplate": false,
    "count": 0,
    "updated": 0
  },
  {
    "id": "dbcb6ce5-04cb-47da-b10c-c61b789de055",
    "data": [
      {
        "text": "am I at risk",
        "userDefined": false
      }
    ],
    "isTemplate": false,
    "count": 0,
    "updated": 0
  },
  {
    "id": "5c4ec39b-f2a4-4cb5-ac27-3e42a65f5b29",
    "data": [
      {
        "text": "can i die?",
        "userDefined": false
      }
    ],
    "isTemplate": false,
    "count": 0,
    "updated": 0
  },
  {
    "id": "73f161b6-ea0d-408c-bc9b-079eb458a987",
    "data": [
      {
        "text": "Is ",
        "userDefined": false
      },
      {
        "text": "coronavirus",
        "alias": "covid-19",
        "meta": "@covid-19",
        "userDefined": false
      },
      {
        "text": " deadly?",
        "userDefined": false
      }
    ],
    "isTemplate": false,
    "count": 0,
    "updated": 0
  },
  {
    "id": "d502c665-bf3b-42fe-b9c1-d23d1c939489",
    "data": [
      {
        "text": "Are the symptoms in children different than in adults?",
        "userDefined": false
      }
    ],
    "isTemplate": false,
    "count": 0,
    "updated": 0
  },
  {
    "id": "8cb0e55c-e293-4a4c-aadf-c05620b5c32f",
    "data": [
      {
        "text": "How severe is ",
        "userDefined": false
      },
      {
        "text": "coronavirus",
        "alias": "covid-19",
        "meta": "@covid-19",
        "userDefined": false
      },
      {
        "text": "?",
        "userDefined": false
      }
    ],
    "isTemplate": false,
    "count": 0,
    "updated": 0
  }
]