[
  {
    "id": "414ab3bd-8536-41d4-8228-5fdb1a9cee0e",
    "data": [
      {
        "text": "What is Covid",
        "userDefined": false
      }
    ],
    "isTemplate": false,
    "count": 0,
    "updated": 0
  },
  {
    "id": "707579a0-04d2-44cc-8cfc-918c033e2ef0",
    "data": [
      {
        "text": "COVID-19",
        "userDefined": false
      }
    ],
    "isTemplate": false,
    "count": 0,
    "updated": 0
  },
  {
    "id": "ed07a04b-5020-4d21-9348-39b4cab0acf8",
    "data": [
      {
        "text": "What is covid-19?",
        "userDefined": false
      }
    ],
    "isTemplate": false,
    "count": 0,
    "updated": 0
  },
  {
    "id": "e171f186-8228-4adf-a517-2cfcbe5da96f",
    "data": [
      {
        "text": "what is corona",
        "userDefined": false
      }
    ],
    "isTemplate": false,
    "count": 0,
    "updated": 0
  },
  {
    "id": "1908ce8e-a30d-422f-839a-8d866b909eec",
    "data": [
      {
        "text": "what is covid-19 and why should i worry?",
        "userDefined": false
      }
    ],
    "isTemplate": false,
    "count": 1,
    "updated": 0
  },
  {
    "id": "f4866d88-e987-4844-b2ec-e0e2c811f678",
    "data": [
      {
        "text": "what is the difference between corona and covid-19",
        "userDefined": false
      }
    ],
    "isTemplate": false,
    "count": 0,
    "updated": 0
  },
  {
    "id": "14428a76-c8b7-4b00-81f7-d16e9df1f163",
    "data": [
      {
        "text": "Okay. Can you define coronavirus for me, please?",
        "userDefined": false
      }
    ],
    "isTemplate": false,
    "count": 0,
    "updated": 0
  },
  {
    "id": "4bfdafb9-1839-4933-a1cc-2ed0900ff4d4",
    "data": [
      {
        "text": "virus",
        "userDefined": false
      }
    ],
    "isTemplate": false,
    "count": 0,
    "updated": 0
  },
  {
    "id": "a179694b-5dc6-4396-a256-6e1d2d66b6a0",
    "data": [
      {
        "text": "Is corona related to the flu",
        "userDefined": false
      }
    ],
    "isTemplate": false,
    "count": 0,
    "updated": 0
  },
  {
    "id": "adc886ab-e496-4f8e-90e2-50c202932500",
    "data": [
      {
        "text": "can you get pneumonia from corona",
        "userDefined": false
      }
    ],
    "isTemplate": false,
    "count": 0,
    "updated": 0
  },
  {
    "id": "d9144589-7cba-43b0-b0a3-c79f68452961",
    "data": [
      {
        "text": "What is covid",
        "userDefined": false
      }
    ],
    "isTemplate": false,
    "count": 0,
    "updated": 0
  },
  {
    "id": "2afa23c4-a944-42c3-a67a-7a48de77f96f",
    "data": [
      {
        "text": "what is ncov?",
        "userDefined": false
      }
    ],
    "isTemplate": false,
    "count": 0,
    "updated": 0
  },
  {
    "id": "312b32a0-cdb2-4a12-af3e-e675a6fd73a6",
    "data": [
      {
        "text": "what is ncov19?",
        "userDefined": false
      }
    ],
    "isTemplate": false,
    "count": 0,
    "updated": 0
  },
  {
    "id": "9d2752f4-4e58-4307-9ad3-583c0d9964d7",
    "data": [
      {
        "text": "what is n-cov?",
        "userDefined": false
      }
    ],
    "isTemplate": false,
    "count": 0,
    "updated": 0
  },
  {
    "id": "734dc404-eee0-4c39-8ec8-e83d84ae1ef3",
    "data": [
      {
        "text": "What is covid",
        "userDefined": false
      },
      {
        "text": "19",
        "meta": "@sys.ignore",
        "userDefined": false
      }
    ],
    "isTemplate": false,
    "count": 0,
    "updated": 0
  },
  {
    "id": "0619e05d-de6f-4d80-a581-2d2531813249",
    "data": [
      {
        "text": "Where is covid",
        "userDefined": false
      }
    ],
    "isTemplate": false,
    "count": 0,
    "updated": 0
  },
  {
    "id": "9887e17c-e522-42b4-a7f9-d9f9ba685574",
    "data": [
      {
        "text": "Corona virus",
        "userDefined": false
      }
    ],
    "isTemplate": false,
    "count": 0,
    "updated": 0
  },
  {
    "id": "8522d8fe-c822-40bf-bf1d-987ed0260322",
    "data": [
      {
        "text": "What is COVID-19?",
        "userDefined": false
      }
    ],
    "isTemplate": false,
    "count": 0,
    "updated": 0
  },
  {
    "id": "b87687fd-61ad-4103-b173-87bfba921660",
    "data": [
      {
        "text": "what is the virus",
        "userDefined": false
      }
    ],
    "isTemplate": false,
    "count": 0,
    "updated": 0
  },
  {
    "id": "687e5ac4-1744-4739-9534-bab144a41a42",
    "data": [
      {
        "text": "what can you tell me about viruses",
        "userDefined": false
      }
    ],
    "isTemplate": false,
    "count": 0,
    "updated": 0
  },
  {
    "id": "b21fa392-abfe-444b-b716-db24f85150f5",
    "data": [
      {
        "text": "What is the virus?",
        "userDefined": false
      }
    ],
    "isTemplate": false,
    "count": 1,
    "updated": 0
  },
  {
    "id": "9278e3cb-b20d-445f-8bf4-2998739f8285",
    "data": [
      {
        "text": "what can you tell me about covid-19",
        "userDefined": false
      }
    ],
    "isTemplate": false,
    "count": 0,
    "updated": 0
  },
  {
    "id": "57312535-63d9-42a3-8c34-9bfc3b528af5",
    "data": [
      {
        "text": "What is Coronavirus?",
        "userDefined": false
      }
    ],
    "isTemplate": false,
    "count": 0,
    "updated": 0
  },
  {
    "id": "cd0d12d3-c5b8-46c6-8992-8100b02fc775",
    "data": [
      {
        "text": "what is this new ",
        "userDefined": false
      },
      {
        "text": "coronavirus",
        "meta": "@sys.ignore",
        "userDefined": true
      },
      {
        "text": " disease?",
        "userDefined": false
      }
    ],
    "isTemplate": false,
    "count": 0,
    "updated": 0
  },
  {
    "id": "8b72de09-fa4b-44a1-9937-c18b146a7530",
    "data": [
      {
        "text": "show me something about ",
        "userDefined": false
      },
      {
        "text": "coronavirus",
        "meta": "@sys.ignore",
        "userDefined": true
      }
    ],
    "isTemplate": false,
    "count": 0,
    "updated": 0
  },
  {
    "id": "bffea57e-ae60-4867-8a5a-65db1b9de978",
    "data": [
      {
        "text": "explain ",
        "userDefined": false
      },
      {
        "text": "coronavirus",
        "meta": "@sys.ignore",
        "userDefined": true
      },
      {
        "text": " to me",
        "userDefined": false
      }
    ],
    "isTemplate": false,
    "count": 0,
    "updated": 0
  },
  {
    "id": "62cba517-c3b7-49de-8fc0-a4869dfeb156",
    "data": [
      {
        "text": "what is the ",
        "userDefined": false
      },
      {
        "text": "novel virus",
        "meta": "@sys.ignore",
        "userDefined": true
      },
      {
        "text": " going around called?",
        "userDefined": false
      }
    ],
    "isTemplate": false,
    "count": 0,
    "updated": 0
  },
  {
    "id": "e65d590d-088b-4d01-b2f8-375c9b8dbff6",
    "data": [
      {
        "text": "how did the coronavirus ",
        "userDefined": false
      },
      {
        "text": "first",
        "meta": "@sys.ignore",
        "userDefined": false
      },
      {
        "text": " start?",
        "userDefined": false
      }
    ],
    "isTemplate": false,
    "count": 0,
    "updated": 0
  },
  {
    "id": "e6f4b5e5-d78c-4499-bed9-0be3af5ecf53",
    "data": [
      {
        "text": "what is coronavirus and how did it start?",
        "userDefined": false
      }
    ],
    "isTemplate": false,
    "count": 0,
    "updated": 0
  },
  {
    "id": "546aa289-6413-4130-8f2b-3866f0c35556",
    "data": [
      {
        "text": "what to know about the mysterious coronavirus",
        "userDefined": false
      }
    ],
    "isTemplate": false,
    "count": 0,
    "updated": 0
  },
  {
    "id": "d50e4e69-28f2-4aa1-b986-ab23a3288419",
    "data": [
      {
        "text": "want to know about covid 19",
        "userDefined": false
      }
    ],
    "isTemplate": false,
    "count": 0,
    "updated": 0
  },
  {
    "id": "77252147-3580-4dee-9f81-8fb72bfa98b8",
    "data": [
      {
        "text": "what is the new virus called?",
        "userDefined": false
      }
    ],
    "isTemplate": false,
    "count": 0,
    "updated": 0
  },
  {
    "id": "873142fe-ce9d-4bc0-8a01-b3c34eca156b",
    "data": [
      {
        "text": "what is a novel coronavirus?",
        "userDefined": false
      }
    ],
    "isTemplate": false,
    "count": 0,
    "updated": 0
  },
  {
    "id": "4d2b2904-7c43-4cfe-b9b4-edb7d2e0eea6",
    "data": [
      {
        "text": "coronavirus basic info",
        "userDefined": false
      }
    ],
    "isTemplate": false,
    "count": 0,
    "updated": 0
  },
  {
    "id": "78dd31fd-2230-4bc2-81af-f2e9bf106cd5",
    "data": [
      {
        "text": "what is COVID-19?",
        "userDefined": false
      }
    ],
    "isTemplate": false,
    "count": 0,
    "updated": 0
  },
  {
    "id": "e0343224-3465-4bf2-8b79-4a274398f030",
    "data": [
      {
        "text": "I want to know about coronavirus",
        "userDefined": false
      }
    ],
    "isTemplate": false,
    "count": 0,
    "updated": 0
  },
  {
    "id": "233f4af2-c0f3-4e32-9f33-85c77902f314",
    "data": [
      {
        "text": "tell me something about coronavirus",
        "userDefined": false
      }
    ],
    "isTemplate": false,
    "count": 0,
    "updated": 0
  },
  {
    "id": "c15afddd-bf33-4ac0-973b-76dc9d3d4a30",
    "data": [
      {
        "text": "define coronavirus",
        "userDefined": false
      }
    ],
    "isTemplate": false,
    "count": 0,
    "updated": 0
  },
  {
    "id": "8eb910b6-48ae-4785-afe8-9972654edcbd",
    "data": [
      {
        "text": "what is coronavirus?",
        "userDefined": false
      }
    ],
    "isTemplate": false,
    "count": 0,
    "updated": 0
  }
]