[
  {
    "id": "4ee0d0ab-3a5f-4fcf-a86d-9aec703633c8",
    "data": [
      {
        "text": "Can I visit a patient with covid-19",
        "userDefined": false
      }
    ],
    "isTemplate": false,
    "count": 0,
    "updated": 0
  },
  {
    "id": "62cb72a6-9d00-4b58-b894-0610e88c1096",
    "data": [
      {
        "text": "Can I visit a patient with coronavirus",
        "userDefined": false
      }
    ],
    "isTemplate": false,
    "count": 0,
    "updated": 0
  },
  {
    "id": "825fe587-4e99-4a10-badb-9eff96a6162e",
    "data": [
      {
        "text": "The rules of social distancing",
        "userDefined": false
      }
    ],
    "isTemplate": false,
    "count": 0,
    "updated": 0
  },
  {
    "id": "cdf4df1e-e328-4df0-8818-901572bd4e99",
    "data": [
      {
        "text": "Can I still see my friends",
        "userDefined": false
      }
    ],
    "isTemplate": false,
    "count": 0,
    "updated": 0
  },
  {
    "id": "f2d4749e-8ef0-44d9-878f-17b896eecabd",
    "data": [
      {
        "text": "Why is social distancing so important?",
        "userDefined": false
      }
    ],
    "isTemplate": false,
    "count": 0,
    "updated": 0
  },
  {
    "id": "c94a709d-93a3-42ce-9b11-6c2e52cbb2ac",
    "data": [
      {
        "text": "What is social distancing?",
        "userDefined": false
      }
    ],
    "isTemplate": false,
    "count": 1,
    "updated": 0
  },
  {
    "id": "4b8b05b3-3158-42e6-b542-98a7bc8fc5c7",
    "data": [
      {
        "text": "how far should I distance from another person",
        "userDefined": false
      }
    ],
    "isTemplate": false,
    "count": 0,
    "updated": 0
  },
  {
    "id": "5e3a18a6-c20c-4e94-9a75-912fbf9930af",
    "data": [
      {
        "text": "why is it so important with social distancing",
        "userDefined": false
      }
    ],
    "isTemplate": false,
    "count": 1,
    "updated": 0
  },
  {
    "id": "dfd70a69-1188-4a9f-8d52-e9e02426cd5c",
    "data": [
      {
        "text": "how far apart",
        "userDefined": false
      }
    ],
    "isTemplate": false,
    "count": 0,
    "updated": 0
  },
  {
    "id": "23da4773-0cc5-4e83-ac2e-1e0dbe4ee1a1",
    "data": [
      {
        "text": "what is social distancing",
        "userDefined": false
      }
    ],
    "isTemplate": false,
    "count": 1,
    "updated": 0
  },
  {
    "id": "e8f4c51f-d58d-40e7-9fce-bff608cc9610",
    "data": [
      {
        "text": "social distancing",
        "userDefined": false
      }
    ],
    "isTemplate": false,
    "count": 0,
    "updated": 0
  },
  {
    "id": "3005033a-62fa-4093-b6d9-a2ceada55148",
    "data": [
      {
        "text": "what does social distancing mean",
        "userDefined": false
      }
    ],
    "isTemplate": false,
    "count": 1,
    "updated": 0
  },
  {
    "id": "e10015b6-1710-40dc-a5b3-2ac28b386a89",
    "data": [
      {
        "text": "what is social distancing?",
        "userDefined": false
      }
    ],
    "isTemplate": false,
    "count": 0,
    "updated": 0
  }
]