[
  {
    "id": "1cc30864-b0a8-4431-bbe0-6d95cb2a3e96",
    "data": [
      {
        "text": "Should I buy more food or water",
        "userDefined": false
      }
    ],
    "isTemplate": false,
    "count": 0,
    "updated": 0
  },
  {
    "id": "09b457ac-546d-4374-814c-624889828588",
    "data": [
      {
        "text": "How much toilet paper do I need",
        "userDefined": false
      }
    ],
    "isTemplate": false,
    "count": 0,
    "updated": 0
  },
  {
    "id": "cda8796d-61bc-49c9-bb00-a6548d40fc1a",
    "data": [
      {
        "text": "How much toilet paper do I need to survive covid-19",
        "userDefined": false
      }
    ],
    "isTemplate": false,
    "count": 0,
    "updated": 0
  },
  {
    "id": "a63e7762-2ad0-4f64-a934-0c169ed92858",
    "data": [
      {
        "text": "What do I need to buy?",
        "userDefined": false
      }
    ],
    "isTemplate": false,
    "count": 0,
    "updated": 0
  },
  {
    "id": "2068a682-a266-422a-b12d-975dd690c5b0",
    "data": [
      {
        "text": "Is there anything in particular I need to stock up on?",
        "userDefined": false
      }
    ],
    "isTemplate": false,
    "count": 0,
    "updated": 0
  },
  {
    "id": "67f1f4b1-3335-4789-aebb-b96f2203a4e8",
    "data": [
      {
        "text": "should i stock up on medicines",
        "userDefined": false
      }
    ],
    "isTemplate": false,
    "count": 0,
    "updated": 0
  },
  {
    "id": "a8b28325-742c-4f4f-b792-711ea12f0809",
    "data": [
      {
        "text": "do I need to stock up on food etc",
        "userDefined": false
      }
    ],
    "isTemplate": false,
    "count": 1,
    "updated": 0
  },
  {
    "id": "53b17e2f-0d5f-4937-aee2-6163fde4f3af",
    "data": [
      {
        "text": "do I need to bulk buy food",
        "userDefined": false
      }
    ],
    "isTemplate": false,
    "count": 1,
    "updated": 0
  },
  {
    "id": "12eb1ca6-681b-43a0-aeb1-1a5ac9a061c0",
    "data": [
      {
        "text": "what should I think about having handy at home incase I get it",
        "userDefined": false
      }
    ],
    "isTemplate": false,
    "count": 1,
    "updated": 0
  },
  {
    "id": "e63d346a-da6e-491c-ac25-356a52b2501c",
    "data": [
      {
        "text": "what should i Buy incase I get sick",
        "userDefined": false
      }
    ],
    "isTemplate": false,
    "count": 1,
    "updated": 0
  },
  {
    "id": "896ce407-7909-4955-af7d-eba1cdf073a0",
    "data": [
      {
        "text": "do I need to  stock up on food",
        "userDefined": false
      }
    ],
    "isTemplate": false,
    "count": 0,
    "updated": 0
  },
  {
    "id": "db416d24-a004-4e58-a789-ea524ad4df77",
    "data": [
      {
        "text": "should i stock up on medicins",
        "userDefined": false
      }
    ],
    "isTemplate": false,
    "count": 0,
    "updated": 0
  },
  {
    "id": "9075127d-9d2b-4e38-9a22-febb72fdac2c",
    "data": [
      {
        "text": "do I need to stock up on food",
        "userDefined": false
      }
    ],
    "isTemplate": false,
    "count": 0,
    "updated": 0
  },
  {
    "id": "7c0c1a20-ef07-481f-82b8-1ab86c384b38",
    "data": [
      {
        "text": "what do I need to stock up on",
        "userDefined": false
      }
    ],
    "isTemplate": false,
    "count": 0,
    "updated": 0
  },
  {
    "id": "ad8203ae-40fa-4b78-9abb-bdf589485c0a",
    "data": [
      {
        "text": "what should I think about having handy at home",
        "userDefined": false
      }
    ],
    "isTemplate": false,
    "count": 0,
    "updated": 0
  },
  {
    "id": "488da290-55a6-4099-89c9-a18879ea694c",
    "data": [
      {
        "text": "should I provide myself with extra food at home",
        "userDefined": false
      }
    ],
    "isTemplate": false,
    "count": 0,
    "updated": 0
  },
  {
    "id": "a919e1ea-f997-454a-b407-25a1d36fd929",
    "data": [
      {
        "text": "should I provide myself with having extra medicines at home",
        "userDefined": false
      }
    ],
    "isTemplate": false,
    "count": 0,
    "updated": 0
  },
  {
    "id": "7e720799-d5e2-4eaa-8d55-cae1bbe5f810",
    "data": [
      {
        "text": "Okay, should I stock up?",
        "userDefined": false
      }
    ],
    "isTemplate": false,
    "count": 0,
    "updated": 0
  },
  {
    "id": "2262cd81-f829-485e-8e61-17d668b59e6d",
    "data": [
      {
        "text": "should I stock up if I stay at home?",
        "userDefined": false
      }
    ],
    "isTemplate": false,
    "count": 0,
    "updated": 0
  },
  {
    "id": "6cd9fadb-1764-47e8-8c30-697da631a20b",
    "data": [
      {
        "text": "what ",
        "userDefined": false
      },
      {
        "text": "coronavirus",
        "alias": "covid-19",
        "meta": "@covid-19",
        "userDefined": false
      },
      {
        "text": " supplies should I have at home?",
        "userDefined": false
      }
    ],
    "isTemplate": false,
    "count": 0,
    "updated": 0
  },
  {
    "id": "45a17e33-b5ee-438a-9924-7cb0bf4784cf",
    "data": [
      {
        "text": "Food, supplies to buy for ",
        "userDefined": false
      },
      {
        "text": "coronavirus",
        "alias": "covid-19",
        "meta": "@covid-19",
        "userDefined": false
      }
    ],
    "isTemplate": false,
    "count": 0,
    "updated": 0
  },
  {
    "id": "163a481e-935f-4a95-84cd-8c2898cdfb81",
    "data": [
      {
        "text": "what to buy for home quarantine during the ",
        "userDefined": false
      },
      {
        "text": "coronavirus",
        "alias": "covid-19",
        "meta": "@covid-19",
        "userDefined": false
      },
      {
        "text": "?",
        "userDefined": false
      }
    ],
    "isTemplate": false,
    "count": 0,
    "updated": 0
  },
  {
    "id": "a0890803-20ad-466e-90d6-bba6a2c406b7",
    "data": [
      {
        "text": "covid-19 grocery list",
        "userDefined": false
      }
    ],
    "isTemplate": false,
    "count": 0,
    "updated": 0
  },
  {
    "id": "28f3c243-cf78-4c98-a62d-ae462a374f18",
    "data": [
      {
        "text": "what to buy for the ",
        "userDefined": false
      },
      {
        "text": "coronavirus",
        "alias": "covid-19",
        "meta": "@covid-19",
        "userDefined": false
      },
      {
        "text": " outbreak",
        "userDefined": false
      }
    ],
    "isTemplate": false,
    "count": 0,
    "updated": 0
  },
  {
    "id": "37c34a69-909f-4834-b613-bd8fd57f7e64",
    "data": [
      {
        "text": "essential quarantine items",
        "userDefined": false
      }
    ],
    "isTemplate": false,
    "count": 0,
    "updated": 0
  },
  {
    "id": "ba03cb3b-7781-4c50-a806-4f7aed68f67e",
    "data": [
      {
        "text": "coronavirus",
        "alias": "covid-19",
        "meta": "@covid-19",
        "userDefined": false
      },
      {
        "text": " shopping list",
        "userDefined": false
      }
    ],
    "isTemplate": false,
    "count": 0,
    "updated": 0
  },
  {
    "id": "d15af5ad-e5fa-4a2c-a18c-f0af3b07daa3",
    "data": [
      {
        "text": "What to stock up on so I\u0027m prepared?",
        "userDefined": false
      }
    ],
    "isTemplate": false,
    "count": 0,
    "updated": 0
  },
  {
    "id": "975d9a02-f411-480b-bebc-ba2401f08701",
    "data": [
      {
        "text": "items to stock up",
        "userDefined": false
      }
    ],
    "isTemplate": false,
    "count": 0,
    "updated": 0
  },
  {
    "id": "71372822-0121-412d-8670-6b2a3a2c14cb",
    "data": [
      {
        "text": "What are the things that I need to purchase for my household?",
        "userDefined": false
      }
    ],
    "isTemplate": false,
    "count": 0,
    "updated": 0
  },
  {
    "id": "2a77a9c7-4df4-476b-b271-5c9b18c1bacc",
    "data": [
      {
        "text": "stock up checklist",
        "userDefined": false
      }
    ],
    "isTemplate": false,
    "count": 0,
    "updated": 0
  },
  {
    "id": "7e3042ad-4e91-46ba-8914-251264fe5dde",
    "data": [
      {
        "text": "Things to I should buy to stock up",
        "userDefined": false
      }
    ],
    "isTemplate": false,
    "count": 0,
    "updated": 0
  },
  {
    "id": "5a608c98-fb4c-43fe-8543-0972d32dd17a",
    "data": [
      {
        "text": "What kind of supplies should I get to be prepared?",
        "userDefined": false
      }
    ],
    "isTemplate": false,
    "count": 0,
    "updated": 0
  },
  {
    "id": "d5850eed-8832-42f1-89e1-d656b851a682",
    "data": [
      {
        "text": "What to stock up for ",
        "userDefined": false
      },
      {
        "text": "coronavirus",
        "alias": "covid-19",
        "meta": "@covid-19",
        "userDefined": false
      },
      {
        "text": "?",
        "userDefined": false
      }
    ],
    "isTemplate": false,
    "count": 0,
    "updated": 0
  }
]