[
  {
    "id": "e3a0ed44-cb0d-45c3-a28b-18d967c1a6ac",
    "data": [
      {
        "text": "can I get it from pets?",
        "userDefined": false
      }
    ],
    "isTemplate": false,
    "count": 0,
    "updated": 0
  },
  {
    "id": "83cdcee2-7d1d-4acb-8d70-a303b8cf68bf",
    "data": [
      {
        "text": "Can my pets get the virus?",
        "userDefined": false
      }
    ],
    "isTemplate": false,
    "count": 0,
    "updated": 0
  },
  {
    "id": "47f57656-c2d1-4ef2-b5df-3f21c8d978d3",
    "data": [
      {
        "text": "Can pets get the ",
        "userDefined": false
      },
      {
        "text": "virus",
        "alias": "covid-19",
        "meta": "@covid-19",
        "userDefined": false
      },
      {
        "text": ".",
        "userDefined": false
      }
    ],
    "isTemplate": false,
    "count": 1,
    "updated": 0
  },
  {
    "id": "0a2b867a-3efc-43bf-9dc3-13f35e665219",
    "data": [
      {
        "text": "can I get it from mosquitoes?",
        "userDefined": false
      }
    ],
    "isTemplate": false,
    "count": 0,
    "updated": 0
  },
  {
    "id": "ec47b255-b42f-402d-a2ac-fdb5ddf53a0a",
    "data": [
      {
        "text": "can bugs transfer it?",
        "userDefined": false
      }
    ],
    "isTemplate": false,
    "count": 0,
    "updated": 0
  },
  {
    "id": "02b57b41-f260-4094-9d45-5f75cb3a6b6a",
    "data": [
      {
        "text": "can i get ",
        "userDefined": false
      },
      {
        "text": "coronavirus",
        "alias": "covid-19",
        "meta": "@covid-19",
        "userDefined": false
      },
      {
        "text": " from my dog?",
        "userDefined": false
      }
    ],
    "isTemplate": false,
    "count": 0,
    "updated": 0
  },
  {
    "id": "f33907e1-5035-4f42-89e4-26054e0523b1",
    "data": [
      {
        "text": "can my dog catch it?",
        "userDefined": false
      }
    ],
    "isTemplate": false,
    "count": 0,
    "updated": 0
  },
  {
    "id": "d8ff005e-775f-4f65-a787-4e901e66f5fd",
    "data": [
      {
        "text": "Can dogs get ",
        "userDefined": false
      },
      {
        "text": "corona",
        "alias": "covid-19",
        "meta": "@covid-19",
        "userDefined": false
      },
      {
        "text": " virus?",
        "userDefined": false
      }
    ],
    "isTemplate": false,
    "count": 0,
    "updated": 0
  },
  {
    "id": "06aa851f-0606-4677-a122-36249ab7044d",
    "data": [
      {
        "text": "can I give the virus to my dog",
        "userDefined": false
      }
    ],
    "isTemplate": false,
    "count": 0,
    "updated": 0
  },
  {
    "id": "223322f1-98da-4a8f-86f8-56a1c60dc965",
    "data": [
      {
        "text": "can I pass the virus over to a cat or other animal",
        "userDefined": false
      }
    ],
    "isTemplate": false,
    "count": 0,
    "updated": 0
  },
  {
    "id": "cf88c1ef-94a7-41a4-b688-74ae77d87ff3",
    "data": [
      {
        "text": "Can my pet get the virus?",
        "userDefined": false
      }
    ],
    "isTemplate": false,
    "count": 1,
    "updated": 0
  },
  {
    "id": "3479c2c3-edd1-494c-a975-7ef8604a9db3",
    "data": [
      {
        "text": "do animals get sick with this new disease?",
        "userDefined": false
      }
    ],
    "isTemplate": false,
    "count": 0,
    "updated": 0
  },
  {
    "id": "9c7891e0-6dbe-4409-88c3-a6c047ba6b67",
    "data": [
      {
        "text": "can pets spread ",
        "userDefined": false
      },
      {
        "text": "covid-19",
        "alias": "covid-19",
        "meta": "@covid-19",
        "userDefined": true
      },
      {
        "text": "?",
        "userDefined": false
      }
    ],
    "isTemplate": false,
    "count": 0,
    "updated": 0
  },
  {
    "id": "a3e62f0d-7d8b-48cf-b761-9fce139bb4b2",
    "data": [
      {
        "text": "Is it possible for my cats catch ",
        "userDefined": false
      },
      {
        "text": "coronavirus",
        "alias": "covid-19",
        "meta": "@covid-19",
        "userDefined": false
      },
      {
        "text": "?",
        "userDefined": false
      }
    ],
    "isTemplate": false,
    "count": 0,
    "updated": 0
  },
  {
    "id": "3670660c-86bd-495e-9813-8e2f68486615",
    "data": [
      {
        "text": "Are my pets at risk as well?",
        "userDefined": false
      }
    ],
    "isTemplate": false,
    "count": 0,
    "updated": 0
  },
  {
    "id": "03d2f7c6-f0b2-471a-94dc-097c1afb6574",
    "data": [
      {
        "text": "Can my dog get infected?",
        "userDefined": false
      }
    ],
    "isTemplate": false,
    "count": 0,
    "updated": 0
  }
]