[
  {
    "id": "e04dc53b-40c6-4e5d-a04d-cb39d3429510",
    "data": [
      {
        "text": "How long is the incubation?",
        "userDefined": false
      }
    ],
    "isTemplate": false,
    "count": 0,
    "updated": 0
  },
  {
    "id": "d219c005-a877-4836-97a3-9ded731bd06a",
    "data": [
      {
        "text": "incubation period for coronavirus",
        "userDefined": false
      }
    ],
    "isTemplate": false,
    "count": 0,
    "updated": 0
  },
  {
    "id": "9ca54e15-87ad-49cd-9494-49a9d3df69f8",
    "data": [
      {
        "text": "how long does it take before I show symptoms?",
        "userDefined": false
      }
    ],
    "isTemplate": false,
    "count": 0,
    "updated": 0
  },
  {
    "id": "aaf7438c-f434-47d6-82de-9ef49f0ad9b6",
    "data": [
      {
        "text": "How long is the incubation period",
        "userDefined": false
      }
    ],
    "isTemplate": false,
    "count": 0,
    "updated": 0
  },
  {
    "id": "7eb21574-46d1-4f6e-9cb9-b29c7a2b0af0",
    "data": [
      {
        "text": "How long is the incubation",
        "userDefined": false
      }
    ],
    "isTemplate": false,
    "count": 0,
    "updated": 0
  },
  {
    "id": "4fbb1aee-e0fd-4093-9e28-3d8747ea2558",
    "data": [
      {
        "text": "How long is the incubation period for COVID-19?",
        "userDefined": false
      }
    ],
    "isTemplate": false,
    "count": 0,
    "updated": 0
  }
]