[
  {
    "id": "804b616b-a32d-4295-9e7b-84dc6d116232",
    "data": [
      {
        "text": "What if I don\u0027t have any sanitizer?",
        "userDefined": false
      }
    ],
    "isTemplate": false,
    "count": 0,
    "updated": 0
  },
  {
    "id": "9a588bcd-4703-4883-b329-a2ea5a06f99d",
    "data": [
      {
        "text": "what\u0027s better a sanitizer or hand washing",
        "userDefined": false
      }
    ],
    "isTemplate": false,
    "count": 0,
    "updated": 0
  },
  {
    "id": "26d76d45-31c9-4a1a-b5b0-24064a3268af",
    "data": [
      {
        "text": "what if I don\u0027t have any sanitizer",
        "userDefined": false
      }
    ],
    "isTemplate": false,
    "count": 0,
    "updated": 0
  },
  {
    "id": "84a742bf-9444-4612-b619-b257f24b4024",
    "data": [
      {
        "text": "does liquor work to sanitize",
        "userDefined": false
      }
    ],
    "isTemplate": false,
    "count": 0,
    "updated": 0
  },
  {
    "id": "3b5340ab-7fe7-4d23-b841-f7267f2a0916",
    "data": [
      {
        "text": "can I wash my hands in liquor",
        "userDefined": false
      }
    ],
    "isTemplate": false,
    "count": 0,
    "updated": 0
  },
  {
    "id": "dc10d54a-7f97-41d6-bc5b-bbd701266b29",
    "data": [
      {
        "text": "how can I use liquor",
        "userDefined": false
      }
    ],
    "isTemplate": false,
    "count": 0,
    "updated": 0
  },
  {
    "id": "9354de70-b4e1-4f80-9905-50c740da72b5",
    "data": [
      {
        "text": "where can I get hand sanitizer",
        "userDefined": false
      }
    ],
    "isTemplate": false,
    "count": 0,
    "updated": 0
  },
  {
    "id": "e23698ee-b120-4ac2-a2d1-afac9f3da0c2",
    "data": [
      {
        "text": "hand sanitizers are not available, what can I use instead?",
        "userDefined": false
      }
    ],
    "isTemplate": false,
    "count": 0,
    "updated": 0
  },
  {
    "id": "70cf7315-d44a-4325-b04d-2d62904bdd9f",
    "data": [
      {
        "text": "Is hand sanitizer better than soap?",
        "userDefined": false
      }
    ],
    "isTemplate": false,
    "count": 0,
    "updated": 0
  },
  {
    "id": "510c1a9d-4a5e-4f6d-8689-6feaf79b70ab",
    "data": [
      {
        "text": "Is hand sanitizer useful in killing coronavirus?",
        "userDefined": false
      }
    ],
    "isTemplate": false,
    "count": 0,
    "updated": 0
  },
  {
    "id": "f2699415-bf78-46eb-96df-abb747109da7",
    "data": [
      {
        "text": "Can i use rubbing alcohol if I don\u0027t have hand sanitizer?",
        "userDefined": false
      }
    ],
    "isTemplate": false,
    "count": 0,
    "updated": 0
  },
  {
    "id": "4359a4ca-2cf8-461b-ac67-4a618bb939a8",
    "data": [
      {
        "text": "all hand sanitizers are sold out, what can I do?",
        "userDefined": false
      }
    ],
    "isTemplate": false,
    "count": 0,
    "updated": 0
  },
  {
    "id": "6540697d-b078-4e63-a94b-a9eddcc9c270",
    "data": [
      {
        "text": "can i kill the virus using liquor?",
        "userDefined": false
      }
    ],
    "isTemplate": false,
    "count": 0,
    "updated": 0
  },
  {
    "id": "6cf82975-031c-4192-b877-3fbc76052e6f",
    "data": [
      {
        "text": "can i use liquor to fight against coronavirus?",
        "userDefined": false
      }
    ],
    "isTemplate": false,
    "count": 0,
    "updated": 0
  },
  {
    "id": "08441731-dda1-4477-b4ae-90c90eb8f8ba",
    "data": [
      {
        "text": "what can i do if I don\u0027t have hand sanitizer?",
        "userDefined": false
      }
    ],
    "isTemplate": false,
    "count": 0,
    "updated": 0
  },
  {
    "id": "107dc5fa-2257-4182-9560-b5961f7f4305",
    "data": [
      {
        "text": "Can I use a strong alcohol content liquor in liue of hand sanitizer?",
        "userDefined": false
      }
    ],
    "isTemplate": false,
    "count": 0,
    "updated": 0
  },
  {
    "id": "df6bedcf-6b7d-4758-b58e-3a89d191e4c4",
    "data": [
      {
        "text": "What alternatives do I have if there are no hand sanitizers available? Can I use other alcohol like ethyl or liquor?",
        "userDefined": false
      }
    ],
    "isTemplate": false,
    "count": 0,
    "updated": 0
  }
]