[
  {
    "id": "db8e67b3-a50f-4d5c-b2ad-10a845ef6900",
    "data": [
      {
        "text": "Wash hands",
        "userDefined": false
      }
    ],
    "isTemplate": false,
    "count": 0,
    "updated": 0
  },
  {
    "id": "8f9e832d-ce15-4ff2-86f9-64a212c43580",
    "data": [
      {
        "text": "How often should I wash my hands?",
        "userDefined": false
      }
    ],
    "isTemplate": false,
    "count": 0,
    "updated": 0
  },
  {
    "id": "e4aa5818-c119-45dd-82af-85da65f0714a",
    "data": [
      {
        "text": "how to clean my hands to protect myself from getting the virus",
        "userDefined": false
      }
    ],
    "isTemplate": false,
    "count": 0,
    "updated": 0
  },
  {
    "id": "31163540-0d9b-4098-b322-25f9b88cf935",
    "data": [
      {
        "text": "How can I wash my hands?",
        "userDefined": false
      }
    ],
    "isTemplate": false,
    "count": 0,
    "updated": 0
  },
  {
    "id": "0b42371c-79a0-4c96-a6f1-473ea4c42d59",
    "data": [
      {
        "text": "Can you give me tips on washing hands?",
        "userDefined": false
      }
    ],
    "isTemplate": false,
    "count": 0,
    "updated": 0
  },
  {
    "id": "57e43872-04fa-42ce-a7b4-9963752de1dd",
    "data": [
      {
        "text": "is it really that important to wash hands",
        "userDefined": false
      }
    ],
    "isTemplate": false,
    "count": 0,
    "updated": 0
  },
  {
    "id": "db33bd4a-cc0f-4f49-9c95-59f445411f71",
    "data": [
      {
        "text": "how often should you wash your hands?",
        "userDefined": false
      }
    ],
    "isTemplate": false,
    "count": 0,
    "updated": 0
  },
  {
    "id": "b858d121-54a0-46f9-b92d-0f7f603be5d4",
    "data": [
      {
        "text": "why so important to clean hands",
        "userDefined": false
      }
    ],
    "isTemplate": false,
    "count": 0,
    "updated": 0
  },
  {
    "id": "5522feac-6596-450a-be25-92b0577f606b",
    "data": [
      {
        "text": "advice for wash hands",
        "userDefined": false
      }
    ],
    "isTemplate": false,
    "count": 0,
    "updated": 0
  },
  {
    "id": "356652f4-bd5f-4b24-bbc8-3d88b657f4c0",
    "data": [
      {
        "text": "how to wash your hands correctly to limit spread of disease",
        "userDefined": false
      }
    ],
    "isTemplate": false,
    "count": 0,
    "updated": 0
  },
  {
    "id": "94d32a91-cd2c-41c5-bc0d-8781abe83743",
    "data": [
      {
        "text": "why hand washing matters?",
        "userDefined": false
      }
    ],
    "isTemplate": false,
    "count": 0,
    "updated": 0
  },
  {
    "id": "8e8447a9-c94e-4e98-96ab-711474c69ae0",
    "data": [
      {
        "text": "how long do i need to wash my hands?",
        "userDefined": false
      }
    ],
    "isTemplate": false,
    "count": 0,
    "updated": 0
  },
  {
    "id": "a8934685-11f5-439d-beda-17158bf912b8",
    "data": [
      {
        "text": "proper hand wash fights coronavirus",
        "userDefined": false
      }
    ],
    "isTemplate": false,
    "count": 0,
    "updated": 0
  },
  {
    "id": "f707c8f5-7ab7-4c95-a3a2-0f21dcfc35c8",
    "data": [
      {
        "text": "can the coronavirus be killed by washing hands?",
        "userDefined": false
      }
    ],
    "isTemplate": false,
    "count": 0,
    "updated": 0
  },
  {
    "id": "6bbebdd1-63eb-4385-ac8f-cfc1ddfc0e24",
    "data": [
      {
        "text": "can a thorough hand wash prevent disease?",
        "userDefined": false
      }
    ],
    "isTemplate": false,
    "count": 0,
    "updated": 0
  },
  {
    "id": "2ea70448-0c36-44f3-a327-3ed732207883",
    "data": [
      {
        "text": "Is soap better than hand sanitizer to prevent infection?",
        "userDefined": false
      }
    ],
    "isTemplate": false,
    "count": 0,
    "updated": 0
  },
  {
    "id": "aecfa34b-7951-4cbf-9009-50d1c0ae6425",
    "data": [
      {
        "text": "hand washing tips",
        "userDefined": false
      }
    ],
    "isTemplate": false,
    "count": 0,
    "updated": 0
  },
  {
    "id": "9db895a2-7865-43ea-a58a-55f43c421aa9",
    "data": [
      {
        "text": "how to clean your hands to protect against coronavirus",
        "userDefined": false
      }
    ],
    "isTemplate": false,
    "count": 0,
    "updated": 0
  },
  {
    "id": "db1d8d11-0fb0-409e-9585-e3f53beda0fc",
    "data": [
      {
        "text": "what are the proper steps of washing hands?",
        "userDefined": false
      }
    ],
    "isTemplate": false,
    "count": 0,
    "updated": 0
  },
  {
    "id": "481e7356-c1a1-4665-9ed3-16a0046d8e76",
    "data": [
      {
        "text": "what do i need to know about washing my hands effectively?",
        "userDefined": false
      }
    ],
    "isTemplate": false,
    "count": 0,
    "updated": 0
  }
]