[
  {
    "id": "0b019913-9cb6-4877-b76d-b5e7f828055d",
    "data": [
      {
        "text": "What are the precautions to take for ",
        "userDefined": false
      },
      {
        "text": "Corona",
        "alias": "covid-19",
        "meta": "@covid-19",
        "userDefined": false
      },
      {
        "text": " wear?",
        "userDefined": false
      }
    ],
    "isTemplate": false,
    "count": 0,
    "updated": 0
  },
  {
    "id": "5615a3ce-76e0-42d0-9f0a-4a0e413115f4",
    "data": [
      {
        "text": "what precautions should i take?",
        "userDefined": false
      }
    ],
    "isTemplate": false,
    "count": 0,
    "updated": 0
  },
  {
    "id": "4c24e9b3-3ee3-40d2-a9fa-d4e2a56907d4",
    "data": [
      {
        "text": " If I’m sick, how do I protect the people I live with?",
        "userDefined": false
      }
    ],
    "isTemplate": false,
    "count": 0,
    "updated": 0
  },
  {
    "id": "732670bd-dbe8-4694-b7a6-d92da00c96e7",
    "data": [
      {
        "text": "how to prevent getting ",
        "userDefined": false
      },
      {
        "text": "Coronavirus",
        "alias": "covid-19",
        "meta": "@covid-19",
        "userDefined": false
      }
    ],
    "isTemplate": false,
    "count": 0,
    "updated": 0
  },
  {
    "id": "d9631725-f9d7-4cbd-96e7-d0dc2901b32b",
    "data": [
      {
        "text": "how to clean my home to prevent ",
        "userDefined": false
      },
      {
        "text": "Coronavirus",
        "alias": "covid-19",
        "meta": "@covid-19",
        "userDefined": false
      }
    ],
    "isTemplate": false,
    "count": 0,
    "updated": 0
  },
  {
    "id": "4c0e9b9a-720a-414a-8b88-d85535335fe6",
    "data": [
      {
        "text": "how can I guard myself",
        "userDefined": false
      }
    ],
    "isTemplate": false,
    "count": 1,
    "updated": 0
  },
  {
    "id": "46fecd99-28f3-4560-9e45-152236e7f972",
    "data": [
      {
        "text": "What precautions I need to do?",
        "userDefined": false
      }
    ],
    "isTemplate": false,
    "count": 0,
    "updated": 0
  },
  {
    "id": "ae6f6b18-6d44-48e7-866c-9d0e90f14d34",
    "data": [
      {
        "text": "I think I have ",
        "userDefined": false
      },
      {
        "text": "Corona",
        "alias": "covid-19",
        "meta": "@covid-19",
        "userDefined": false
      },
      {
        "text": ". How can I protect others from getting it?",
        "userDefined": false
      }
    ],
    "isTemplate": false,
    "count": 0,
    "updated": 0
  },
  {
    "id": "a28fcac4-81c4-4af4-9ffb-f5737f52cf6d",
    "data": [
      {
        "text": "How can I protect myself?",
        "userDefined": false
      }
    ],
    "isTemplate": false,
    "count": 0,
    "updated": 0
  },
  {
    "id": "37ab0968-6722-43a6-ab10-9233a072397c",
    "data": [
      {
        "text": "precautions",
        "userDefined": false
      }
    ],
    "isTemplate": false,
    "count": 0,
    "updated": 0
  },
  {
    "id": "59240f70-ab11-473f-8d8e-38303a1e84aa",
    "data": [
      {
        "text": "what to do",
        "userDefined": false
      }
    ],
    "isTemplate": false,
    "count": 0,
    "updated": 0
  },
  {
    "id": "4fbbbc2b-2987-4054-a90e-d4a636d8fff8",
    "data": [
      {
        "text": "what can I do to protect my family",
        "userDefined": false
      }
    ],
    "isTemplate": false,
    "count": 1,
    "updated": 0
  },
  {
    "id": "e92b159f-e5ac-4fa2-b900-e9d062ed157d",
    "data": [
      {
        "text": "how can I defend myself from getting it",
        "userDefined": false
      }
    ],
    "isTemplate": false,
    "count": 0,
    "updated": 0
  },
  {
    "id": "940c2bd1-a401-4567-bc62-f71bacc258e1",
    "data": [
      {
        "text": "how can I save myself from getting it",
        "userDefined": false
      }
    ],
    "isTemplate": false,
    "count": 0,
    "updated": 0
  },
  {
    "id": "ad887ea2-5e3e-46b8-9c1c-54fe814f863c",
    "data": [
      {
        "text": "should we wear gloves when we go out/",
        "userDefined": false
      }
    ],
    "isTemplate": false,
    "count": 0,
    "updated": 0
  },
  {
    "id": "03554eca-f987-4061-bbbe-392e1a18f89a",
    "data": [
      {
        "text": "how can you stay safe",
        "userDefined": false
      }
    ],
    "isTemplate": false,
    "count": 0,
    "updated": 0
  },
  {
    "id": "c38ea141-a7cd-44e1-ad79-f1ddc245e9e9",
    "data": [
      {
        "text": "how can one stay safe",
        "userDefined": false
      }
    ],
    "isTemplate": false,
    "count": 0,
    "updated": 0
  },
  {
    "id": "078d60bd-eaaf-4e80-a1fe-fa5c6644f555",
    "data": [
      {
        "text": "how to not get the virus",
        "userDefined": false
      }
    ],
    "isTemplate": false,
    "count": 1,
    "updated": 0
  },
  {
    "id": "6e5eb782-36b7-4000-8bc9-e9f22b6e35a9",
    "data": [
      {
        "text": "How do I protect myself?",
        "userDefined": false
      }
    ],
    "isTemplate": false,
    "count": 0,
    "updated": 0
  },
  {
    "id": "70785fe9-766c-43e9-b83a-86ee380cbec8",
    "data": [
      {
        "text": "what should I be doing?",
        "userDefined": false
      }
    ],
    "isTemplate": false,
    "count": 1,
    "updated": 0
  },
  {
    "id": "89db351c-1777-4021-9ec0-a76de25eeacd",
    "data": [
      {
        "text": "what should I be doing",
        "userDefined": false
      }
    ],
    "isTemplate": false,
    "count": 1,
    "updated": 0
  },
  {
    "id": "f152cb6e-27b6-4e5c-93a8-7b652e08c421",
    "data": [
      {
        "text": "do you have any advice?",
        "userDefined": false
      }
    ],
    "isTemplate": false,
    "count": 1,
    "updated": 0
  },
  {
    "id": "e49a2e87-d702-49d2-9926-129a9aba7449",
    "data": [
      {
        "text": "do you have any advice/",
        "userDefined": false
      }
    ],
    "isTemplate": false,
    "count": 0,
    "updated": 0
  },
  {
    "id": "541faa0d-a6a4-4bae-a256-dabff376a2de",
    "data": [
      {
        "text": "how do I stay safe amidst the outbreak?",
        "userDefined": false
      }
    ],
    "isTemplate": false,
    "count": 0,
    "updated": 0
  },
  {
    "id": "946812de-e606-4cdd-9892-bdbf6df120b3",
    "data": [
      {
        "text": "do you have tips to stay safe?",
        "userDefined": false
      }
    ],
    "isTemplate": false,
    "count": 0,
    "updated": 0
  },
  {
    "id": "25fb6f63-392e-44ad-875d-569da51f88fc",
    "data": [
      {
        "text": "tips",
        "userDefined": false
      }
    ],
    "isTemplate": false,
    "count": 0,
    "updated": 0
  },
  {
    "id": "6d685ecc-815f-4846-ad7a-86a624b45d74",
    "data": [
      {
        "text": "What should I do",
        "userDefined": false
      }
    ],
    "isTemplate": false,
    "count": 0,
    "updated": 0
  },
  {
    "id": "1b545ae1-8b23-4e73-9098-53c5446552e9",
    "data": [
      {
        "text": "what are the precautions which I can take to protect from getting infected",
        "userDefined": false
      }
    ],
    "isTemplate": false,
    "count": 0,
    "updated": 0
  },
  {
    "id": "2a67fae6-b883-4486-9b3e-8343a8a06279",
    "data": [
      {
        "text": "what should I do",
        "userDefined": false
      }
    ],
    "isTemplate": false,
    "count": 0,
    "updated": 0
  },
  {
    "id": "6d680536-f282-4863-a142-0ccfc00a8687",
    "data": [
      {
        "text": "What should I do?",
        "userDefined": false
      }
    ],
    "isTemplate": false,
    "count": 0,
    "updated": 0
  },
  {
    "id": "2a687913-09df-4301-ad68-85d2d3fcbc50",
    "data": [
      {
        "text": "how do I avoid giving ",
        "userDefined": false
      },
      {
        "text": "corona",
        "alias": "covid-19",
        "meta": "@covid-19",
        "userDefined": false
      },
      {
        "text": " to others",
        "userDefined": false
      }
    ],
    "isTemplate": false,
    "count": 0,
    "updated": 0
  },
  {
    "id": "d5a8c917-8884-44f9-8dfa-69da339a221d",
    "data": [
      {
        "text": "What can i do to not get infected",
        "userDefined": false
      }
    ],
    "isTemplate": false,
    "count": 0,
    "updated": 0
  },
  {
    "id": "853b6e36-afd0-4db0-8215-4ba56e2cee93",
    "data": [
      {
        "text": "What should I do to keep myself safe?",
        "userDefined": false
      }
    ],
    "isTemplate": false,
    "count": 0,
    "updated": 0
  },
  {
    "id": "b4e9463c-18c2-4fb6-ba37-ba39af4c090e",
    "data": [
      {
        "text": "Can I do anything to avoid being infected?",
        "userDefined": false
      }
    ],
    "isTemplate": false,
    "count": 0,
    "updated": 0
  },
  {
    "id": "a9ea9473-381b-48d3-a199-0156d2eb6efe",
    "data": [
      {
        "text": "How do I avoid covid-19?",
        "userDefined": false
      }
    ],
    "isTemplate": false,
    "count": 0,
    "updated": 0
  },
  {
    "id": "b5c7a8aa-aac3-4f2f-9e61-3da57e125b65",
    "data": [
      {
        "text": "How do I avoid getting the virus?",
        "userDefined": false
      }
    ],
    "isTemplate": false,
    "count": 0,
    "updated": 0
  },
  {
    "id": "d034535c-4754-468f-891b-5b8342b308cc",
    "data": [
      {
        "text": "What can I do to not get infected?",
        "userDefined": false
      }
    ],
    "isTemplate": false,
    "count": 0,
    "updated": 0
  },
  {
    "id": "63f87ef5-bb85-4bec-a50e-c51fc0cf7afb",
    "data": [
      {
        "text": "How can I keep my self safe from others?",
        "userDefined": false
      }
    ],
    "isTemplate": false,
    "count": 0,
    "updated": 0
  },
  {
    "id": "02d65b6a-40d6-46e2-bbfe-2dac3e49db8a",
    "data": [
      {
        "text": "how to stay safe from getting it",
        "userDefined": false
      }
    ],
    "isTemplate": false,
    "count": 0,
    "updated": 0
  },
  {
    "id": "2049cd57-da6f-408a-a0a4-387a5c32fd6f",
    "data": [
      {
        "text": "how do i make sure i don\u0027t get the virus",
        "userDefined": false
      }
    ],
    "isTemplate": false,
    "count": 0,
    "updated": 0
  },
  {
    "id": "04417f11-6b5a-42c4-8ec8-d7a267bc7197",
    "data": [
      {
        "text": "What precautions should I take",
        "userDefined": false
      }
    ],
    "isTemplate": false,
    "count": 0,
    "updated": 0
  },
  {
    "id": "f2a6a237-cdd9-44c7-bcba-2bc9114621a7",
    "data": [
      {
        "text": "What should I avoid to do?",
        "userDefined": false
      }
    ],
    "isTemplate": false,
    "count": 0,
    "updated": 0
  },
  {
    "id": "e684e64a-3031-44a2-8e91-be9dd3f78c96",
    "data": [
      {
        "text": "how do I avoid giving ",
        "userDefined": false
      },
      {
        "text": "corona",
        "alias": "covid-19",
        "meta": "@covid-19",
        "userDefined": false
      },
      {
        "text": " to others?",
        "userDefined": false
      }
    ],
    "isTemplate": false,
    "count": 0,
    "updated": 0
  },
  {
    "id": "e40ad681-5b87-4fa5-93c1-8bc4d2501591",
    "data": [
      {
        "text": "what should i do to avoid it",
        "userDefined": false
      }
    ],
    "isTemplate": false,
    "count": 0,
    "updated": 0
  },
  {
    "id": "a17e4b8b-a5c5-4322-9f1d-64c093244644",
    "data": [
      {
        "text": "how can i avoid ",
        "userDefined": false
      },
      {
        "text": "corona",
        "alias": "covid-19",
        "meta": "@covid-19",
        "userDefined": false
      },
      {
        "text": "?",
        "userDefined": false
      }
    ],
    "isTemplate": false,
    "count": 0,
    "updated": 0
  },
  {
    "id": "3d905503-6246-4830-8bcf-6a66b4c15ada",
    "data": [
      {
        "text": "I\u0027m about to check myself in my family.",
        "userDefined": false
      }
    ],
    "isTemplate": false,
    "count": 0,
    "updated": 0
  },
  {
    "id": "8fcb1a53-e820-4019-bd93-d03472b954dd",
    "data": [
      {
        "text": "Okay, how do I protect myself in my family?",
        "userDefined": false
      }
    ],
    "isTemplate": false,
    "count": 0,
    "updated": 0
  },
  {
    "id": "02afd58b-8e25-404b-8eb1-473f8db6d5be",
    "data": [
      {
        "text": "What are the precautions I need to take?",
        "userDefined": false
      }
    ],
    "isTemplate": false,
    "count": 0,
    "updated": 0
  },
  {
    "id": "e402f062-6839-40ae-b1ea-067a8110ec66",
    "data": [
      {
        "text": "coronavirus",
        "alias": "covid-19",
        "meta": "@covid-19",
        "userDefined": false
      },
      {
        "text": " preventive measures",
        "userDefined": false
      }
    ],
    "isTemplate": false,
    "count": 0,
    "updated": 0
  },
  {
    "id": "881e88a3-8a5d-47bf-913d-9327a58ec16e",
    "data": [
      {
        "text": "methods of prevention",
        "userDefined": false
      }
    ],
    "isTemplate": false,
    "count": 0,
    "updated": 0
  },
  {
    "id": "f682f4e5-e536-4289-ac59-31a25a84ca87",
    "data": [
      {
        "text": "Protecting myself from the disease",
        "userDefined": false
      }
    ],
    "isTemplate": false,
    "count": 0,
    "updated": 0
  },
  {
    "id": "0e66c190-e910-4dfa-94fd-b1537e7ed89b",
    "data": [
      {
        "text": "How to protect my family from ",
        "userDefined": false
      },
      {
        "text": "coronavirus",
        "alias": "covid-19",
        "meta": "@covid-19",
        "userDefined": false
      },
      {
        "text": "?",
        "userDefined": false
      }
    ],
    "isTemplate": false,
    "count": 0,
    "updated": 0
  },
  {
    "id": "d5ffe5fd-df62-45a9-b6e5-0e9a6aa053a8",
    "data": [
      {
        "text": "How can I protect myself at a workplace?",
        "userDefined": false
      }
    ],
    "isTemplate": false,
    "count": 0,
    "updated": 0
  },
  {
    "id": "c048f789-de45-40c9-b391-b47574834d26",
    "data": [
      {
        "text": "what are the practical tips for ",
        "userDefined": false
      },
      {
        "text": "coronavirus",
        "alias": "covid-19",
        "meta": "@covid-19",
        "userDefined": false
      },
      {
        "text": " prevention?",
        "userDefined": false
      }
    ],
    "isTemplate": false,
    "count": 0,
    "updated": 0
  },
  {
    "id": "b098e58f-9857-4ea9-93a9-9595fde56c71",
    "data": [
      {
        "text": "How can I avoid getting infected?",
        "userDefined": false
      }
    ],
    "isTemplate": false,
    "count": 0,
    "updated": 0
  },
  {
    "id": "fc6e7757-5c06-4b21-8238-033269af494c",
    "data": [
      {
        "text": "Are there any prevention methods?",
        "userDefined": false
      }
    ],
    "isTemplate": false,
    "count": 0,
    "updated": 0
  },
  {
    "id": "bab8bbd0-1420-4740-9406-b4e5d49b4492",
    "data": [
      {
        "text": "what to do to prevent ",
        "userDefined": false
      },
      {
        "text": "coronavirus",
        "alias": "covid-19",
        "meta": "@covid-19",
        "userDefined": false
      },
      {
        "text": "?",
        "userDefined": false
      }
    ],
    "isTemplate": false,
    "count": 0,
    "updated": 0
  },
  {
    "id": "e4b78129-f706-4f25-b863-b725d2f03860",
    "data": [
      {
        "text": "What can I do to protect myself and prevent the spread of disease?",
        "userDefined": false
      }
    ],
    "isTemplate": false,
    "count": 0,
    "updated": 0
  },
  {
    "id": "dac5cd59-7555-425d-bdac-2651ada78912",
    "data": [
      {
        "text": "What can I do to protect my self from being infected?",
        "userDefined": false
      }
    ],
    "isTemplate": false,
    "count": 0,
    "updated": 0
  },
  {
    "id": "09eadda2-f35c-4885-80b7-747bb5535b28",
    "data": [
      {
        "text": "What precautions should I take to prevent being infected?",
        "userDefined": false
      }
    ],
    "isTemplate": false,
    "count": 0,
    "updated": 0
  },
  {
    "id": "d9d20c2d-1891-411a-9e63-d38387b6f29f",
    "data": [
      {
        "text": "what should i do to prevent myself from being infected by ",
        "userDefined": false
      },
      {
        "text": "coronavirus",
        "alias": "covid-19",
        "meta": "@covid-19",
        "userDefined": false
      },
      {
        "text": "?",
        "userDefined": false
      }
    ],
    "isTemplate": false,
    "count": 0,
    "updated": 0
  },
  {
    "id": "c5b0d001-ebc7-49e0-a53c-daf869daf311",
    "data": [
      {
        "text": "How can I protect myself from catching the ",
        "userDefined": false
      },
      {
        "text": "coronavirus",
        "alias": "covid-19",
        "meta": "@covid-19",
        "userDefined": false
      },
      {
        "text": " disease?",
        "userDefined": false
      }
    ],
    "isTemplate": false,
    "count": 0,
    "updated": 0
  }
]