[
  {
    "id": "176f31dd-7445-4847-815b-7502b4286ea1",
    "data": [
      {
        "text": "Can I pass Covid to my fetus",
        "userDefined": false
      }
    ],
    "isTemplate": false,
    "count": 0,
    "updated": 0
  },
  {
    "id": "56fa91ed-38f4-4490-851a-17e99d1c6ed9",
    "data": [
      {
        "text": "Can Corona virus be come an issue for pregnant women?",
        "userDefined": false
      }
    ],
    "isTemplate": false,
    "count": 0,
    "updated": 0
  },
  {
    "id": "863a5711-74f0-4f16-a6a3-933cc69c4d72",
    "data": [
      {
        "text": "10 caronavirus cause issues for pregnant woman",
        "userDefined": false
      }
    ],
    "isTemplate": false,
    "count": 0,
    "updated": 0
  },
  {
    "id": "5e028d22-7f7e-4154-8178-16932a7d476b",
    "data": [
      {
        "text": "Do i need to take extra precaution during pregnancy?",
        "userDefined": false
      }
    ],
    "isTemplate": false,
    "count": 0,
    "updated": 0
  },
  {
    "id": "5eb49fe3-a701-4d87-ad00-fd134da2f816",
    "data": [
      {
        "text": "Will coronavirus harm the fetus in pregnant women?",
        "userDefined": false
      }
    ],
    "isTemplate": false,
    "count": 0,
    "updated": 0
  },
  {
    "id": "6c039ad1-d3c9-4ba6-b4b0-99770b66ee81",
    "data": [
      {
        "text": "Can COVID-19 be passed from a pregnant woman to the fetus or newborn?",
        "userDefined": false
      }
    ],
    "isTemplate": false,
    "count": 0,
    "updated": 0
  },
  {
    "id": "67ba1dff-497c-4625-a0d5-9f33581e3be6",
    "data": [
      {
        "text": "I am pregnant can it effect my child",
        "userDefined": false
      }
    ],
    "isTemplate": false,
    "count": 1,
    "updated": 0
  },
  {
    "id": "608a310a-41fc-40a2-a54c-a59fc5c7cdee",
    "data": [
      {
        "text": "What happens if you are pregnant and is getting the virus",
        "userDefined": false
      }
    ],
    "isTemplate": false,
    "count": 1,
    "updated": 0
  },
  {
    "id": "751172c0-7a30-4517-ba76-c98acbbd729d",
    "data": [
      {
        "text": "Are there any problems if I\u0027m pregnant?",
        "userDefined": false
      }
    ],
    "isTemplate": false,
    "count": 0,
    "updated": 0
  },
  {
    "id": "7f31de66-4d81-4625-a5c2-9d32bafaf5ce",
    "data": [
      {
        "text": "Can COVID-19 cause problems for a pregnancy?",
        "userDefined": false
      }
    ],
    "isTemplate": false,
    "count": 0,
    "updated": 0
  }
]