[
  {
    "id": "c2ba490b-2745-4d67-a772-193a23f3a77f",
    "data": [
      {
        "text": "Can I still travel to ",
        "userDefined": false
      },
      {
        "text": "Iran",
        "alias": "geo-country",
        "meta": "@sys.geo-country",
        "userDefined": false
      },
      {
        "text": "?",
        "userDefined": false
      }
    ],
    "isTemplate": false,
    "count": 0,
    "updated": 0
  },
  {
    "id": "ab3c52a9-29cb-4b15-93e5-f9f846aa1625",
    "data": [
      {
        "text": "Can I still travel to ",
        "userDefined": false
      },
      {
        "text": "South Korea",
        "alias": "geo-country",
        "meta": "@sys.geo-country",
        "userDefined": false
      },
      {
        "text": "?",
        "userDefined": false
      }
    ],
    "isTemplate": false,
    "count": 0,
    "updated": 0
  },
  {
    "id": "1f26cf75-a673-4d75-a12b-dd48ddc51700",
    "data": [
      {
        "text": "should I not travel during a disease outbreak",
        "userDefined": false
      }
    ],
    "isTemplate": false,
    "count": 1,
    "updated": 0
  },
  {
    "id": "3e4dc931-7ddc-4e2c-bd45-b9331a9a30c4",
    "data": [
      {
        "text": "Can I travel during it up break?",
        "userDefined": false
      }
    ],
    "isTemplate": false,
    "count": 0,
    "updated": 0
  },
  {
    "id": "544f212d-80f4-454b-a852-b830b4bde2a2",
    "data": [
      {
        "text": "Which countries have travel bans for covid-19?",
        "userDefined": false
      }
    ],
    "isTemplate": false,
    "count": 0,
    "updated": 0
  },
  {
    "id": "c6fa2675-96cd-4186-9b92-32c386dfbe12",
    "data": [
      {
        "text": "can I travel",
        "userDefined": false
      }
    ],
    "isTemplate": false,
    "count": 0,
    "updated": 0
  },
  {
    "id": "0c8fc7d5-b601-4de0-b308-2918ad6b9a1e",
    "data": [
      {
        "text": "when can i TRAVEL AGAIN",
        "userDefined": false
      }
    ],
    "isTemplate": false,
    "count": 0,
    "updated": 0
  },
  {
    "id": "01f59069-4c97-4a95-9b13-0e64826458bf",
    "data": [
      {
        "text": "i need to go to ",
        "userDefined": false
      },
      {
        "text": "spain",
        "alias": "geo-country",
        "meta": "@sys.geo-country",
        "userDefined": false
      },
      {
        "text": " can I travel",
        "userDefined": false
      }
    ],
    "isTemplate": false,
    "count": 0,
    "updated": 0
  },
  {
    "id": "a6f7c7f2-e0fb-490c-aeed-a0e5d54bd17f",
    "data": [
      {
        "text": "Where can I travel to?",
        "userDefined": false
      }
    ],
    "isTemplate": false,
    "count": 0,
    "updated": 0
  },
  {
    "id": "24eefae9-91a3-4df8-aa19-31f17310f7ed",
    "data": [
      {
        "text": "I have the fly",
        "userDefined": false
      }
    ],
    "isTemplate": false,
    "count": 0,
    "updated": 0
  },
  {
    "id": "b1c70406-5d99-4146-8e70-3b7ff56949b4",
    "data": [
      {
        "text": "can I go back to Kuala Lumpur now?",
        "userDefined": false
      }
    ],
    "isTemplate": false,
    "count": 0,
    "updated": 0
  },
  {
    "id": "6289649a-a006-478e-a543-ff060d1334ad",
    "data": [
      {
        "text": "can i visit Kuala Lumpur?",
        "userDefined": false
      }
    ],
    "isTemplate": false,
    "count": 0,
    "updated": 0
  },
  {
    "id": "69354e34-0630-49f0-a9f1-05f339a339ea",
    "data": [
      {
        "text": "Is it safe to travel?",
        "userDefined": false
      }
    ],
    "isTemplate": false,
    "count": 0,
    "updated": 0
  },
  {
    "id": "39bb8b0f-9bcd-47df-bc1b-484957d4bc21",
    "data": [
      {
        "text": "Can i travel",
        "userDefined": false
      }
    ],
    "isTemplate": false,
    "count": 0,
    "updated": 0
  },
  {
    "id": "d8c7b049-a304-4715-b2c6-81bd30aaada9",
    "data": [
      {
        "text": "what travel restrictions are in place?",
        "userDefined": false
      }
    ],
    "isTemplate": false,
    "count": 0,
    "updated": 0
  },
  {
    "id": "c09fb5df-df17-4701-b7da-fea7b244c8a2",
    "data": [
      {
        "text": "Is it ok to travel?",
        "userDefined": false
      }
    ],
    "isTemplate": false,
    "count": 0,
    "updated": 0
  },
  {
    "id": "ea824484-65cb-4fc6-8fb8-85d7adf542ed",
    "data": [
      {
        "text": "Can I travel within the ",
        "userDefined": false
      },
      {
        "text": "US",
        "alias": "geo-country",
        "meta": "@sys.geo-country",
        "userDefined": false
      },
      {
        "text": "?",
        "userDefined": false
      }
    ],
    "isTemplate": false,
    "count": 0,
    "updated": 0
  },
  {
    "id": "b70cda9a-30d3-4336-bac3-c911ea60162e",
    "data": [
      {
        "text": "Okay, but what if I need to travel internationally, what do I do?",
        "userDefined": false
      }
    ],
    "isTemplate": false,
    "count": 0,
    "updated": 0
  },
  {
    "id": "286a5c07-a191-4220-a9c0-5c91cec80b6d",
    "data": [
      {
        "text": "Can I still fly home to Hawaii from San Francisco?",
        "userDefined": false
      }
    ],
    "isTemplate": false,
    "count": 1,
    "updated": 0
  },
  {
    "id": "73f665fa-de9d-42df-b950-f8328e62c024",
    "data": [
      {
        "text": "Can I still fly home to Hawaii?",
        "userDefined": false
      }
    ],
    "isTemplate": false,
    "count": 1,
    "updated": 0
  },
  {
    "id": "b8008f9c-3dee-4ee5-aa2d-78387d8c99ab",
    "data": [
      {
        "text": "It it still safe to fly to ",
        "userDefined": false
      },
      {
        "text": "UK",
        "alias": "geo-country",
        "meta": "@sys.geo-country",
        "userDefined": false
      },
      {
        "text": "?",
        "userDefined": false
      }
    ],
    "isTemplate": false,
    "count": 0,
    "updated": 0
  },
  {
    "id": "10c4d0a8-e382-41e8-a7c6-bcf6ddb808bf",
    "data": [
      {
        "text": "Can I travel to ",
        "userDefined": false
      },
      {
        "text": "India",
        "alias": "geo-country",
        "meta": "@sys.geo-country",
        "userDefined": false
      },
      {
        "text": " right now?",
        "userDefined": false
      }
    ],
    "isTemplate": false,
    "count": 0,
    "updated": 0
  },
  {
    "id": "c145fab0-13e6-4e00-b77c-7a9fb2b5de70",
    "data": [
      {
        "text": "how about traveling restrictions",
        "userDefined": false
      }
    ],
    "isTemplate": false,
    "count": 0,
    "updated": 0
  },
  {
    "id": "dbc5d59e-4576-4aa1-b4bc-19cf810119e0",
    "data": [
      {
        "text": "I have a trip planned",
        "userDefined": false
      }
    ],
    "isTemplate": false,
    "count": 0,
    "updated": 0
  },
  {
    "id": "c696a1fb-5bcf-4ddd-8bed-d92694c14b65",
    "data": [
      {
        "text": "what if I need to travel",
        "userDefined": false
      }
    ],
    "isTemplate": false,
    "count": 0,
    "updated": 0
  },
  {
    "id": "f22c3760-3246-4886-afbb-a319f1a22d27",
    "data": [
      {
        "text": "Is it safe to travel during ",
        "userDefined": false
      },
      {
        "text": "coronavirus",
        "alias": "covid-19",
        "meta": "@covid-19",
        "userDefined": false
      },
      {
        "text": " outbreak?",
        "userDefined": false
      }
    ],
    "isTemplate": false,
    "count": 0,
    "updated": 0
  },
  {
    "id": "914f4fb9-6f31-4c01-b5a7-22e8a600f5a0",
    "data": [
      {
        "text": "Can I still travel?",
        "userDefined": false
      }
    ],
    "isTemplate": false,
    "count": 0,
    "updated": 0
  }
]