[
  {
    "id": "59542480-8f49-4233-ba3a-276069eb5d4b",
    "data": [
      {
        "text": "how many people have died so far?",
        "userDefined": false
      }
    ],
    "isTemplate": false,
    "count": 0,
    "updated": 0
  },
  {
    "id": "7373b01d-e4c7-40c3-9337-f4054ed5e1ef",
    "data": [
      {
        "text": "what is the mortality rate so far ?",
        "userDefined": false
      }
    ],
    "isTemplate": false,
    "count": 0,
    "updated": 0
  },
  {
    "id": "4c289399-db46-4b02-8783-9c7a2a6d5a33",
    "data": [
      {
        "text": "people died in  ",
        "userDefined": false
      },
      {
        "text": "us",
        "alias": "geo-country",
        "meta": "@sys.geo-country",
        "userDefined": false
      }
    ],
    "isTemplate": false,
    "count": 0,
    "updated": 0
  },
  {
    "id": "5d4889c6-4e83-4dae-947f-cbaf72feccd2",
    "data": [
      {
        "text": "How many deaths have been reported in ",
        "userDefined": false
      },
      {
        "text": "New Zealand",
        "alias": "geo-country",
        "meta": "@sys.geo-country",
        "userDefined": false
      },
      {
        "text": "?",
        "userDefined": false
      }
    ],
    "isTemplate": false,
    "count": 0,
    "updated": 0
  },
  {
    "id": "f0eee526-8722-4f9c-a20f-59191b4ba90d",
    "data": [
      {
        "text": "deaths in ",
        "userDefined": false
      },
      {
        "text": "india",
        "alias": "geo-country",
        "meta": "@sys.geo-country",
        "userDefined": false
      }
    ],
    "isTemplate": false,
    "count": 0,
    "updated": 0
  },
  {
    "id": "46526ef7-7906-483d-8a9f-627375e1720f",
    "data": [
      {
        "text": "what is the mortality rrate in ages 30-40",
        "userDefined": false
      }
    ],
    "isTemplate": false,
    "count": 0,
    "updated": 0
  },
  {
    "id": "5d61cc34-72fd-4164-9cf8-03cf257f4365",
    "data": [
      {
        "text": "How many deaths have been reported in ",
        "userDefined": false
      },
      {
        "text": "korea",
        "alias": "geo-country",
        "meta": "@sys.geo-country",
        "userDefined": false
      }
    ],
    "isTemplate": false,
    "count": 0,
    "updated": 0
  },
  {
    "id": "19a0e4a3-d52f-4c01-8aa3-57982dc546f4",
    "data": [
      {
        "text": "How many people have died in ",
        "userDefined": false
      },
      {
        "text": "Jordan",
        "alias": "geo-country",
        "meta": "@sys.geo-country",
        "userDefined": true
      },
      {
        "text": "?",
        "userDefined": false
      }
    ],
    "isTemplate": false,
    "count": 0,
    "updated": 0
  },
  {
    "id": "41d0316e-52ba-441f-9aa7-8e69cd9c8a46",
    "data": [
      {
        "text": "What\u0027s the number of deaf?",
        "userDefined": false
      }
    ],
    "isTemplate": false,
    "count": 0,
    "updated": 0
  },
  {
    "id": "e36d195f-3735-4c79-a697-50dd12b88d68",
    "data": [
      {
        "text": "total death",
        "userDefined": false
      }
    ],
    "isTemplate": false,
    "count": 0,
    "updated": 0
  },
  {
    "id": "7ec7fc48-4206-429c-8c6b-76463a33c233",
    "data": [
      {
        "text": "total death in ",
        "userDefined": false
      },
      {
        "text": "US",
        "alias": "geo-country",
        "meta": "@sys.geo-country",
        "userDefined": false
      }
    ],
    "isTemplate": false,
    "count": 0,
    "updated": 0
  },
  {
    "id": "235e72c7-c071-494c-af63-10232176318b",
    "data": [
      {
        "text": "How many deaths have been reported in ",
        "userDefined": false
      },
      {
        "text": "France",
        "alias": "geo-country",
        "meta": "@sys.geo-country",
        "userDefined": false
      },
      {
        "text": "?",
        "userDefined": false
      }
    ],
    "isTemplate": false,
    "count": 0,
    "updated": 0
  },
  {
    "id": "690212e9-bc54-4e84-bcd9-a58404b9732e",
    "data": [
      {
        "text": "How many deaths have been reported in the ",
        "userDefined": false
      },
      {
        "text": "US",
        "alias": "geo-country",
        "meta": "@sys.geo-country",
        "userDefined": false
      },
      {
        "text": "?",
        "userDefined": false
      }
    ],
    "isTemplate": false,
    "count": 0,
    "updated": 0
  },
  {
    "id": "925bd7e3-a88f-49ca-9fb4-4a36c9ca7cf4",
    "data": [
      {
        "text": "How many ",
        "userDefined": false
      },
      {
        "text": "Corona",
        "alias": "covid-19",
        "meta": "@covid-19",
        "userDefined": false
      },
      {
        "text": " work deaths have happened in the ",
        "userDefined": false
      },
      {
        "text": "United Kingdom",
        "alias": "geo-country",
        "meta": "@sys.geo-country",
        "userDefined": false
      },
      {
        "text": "?",
        "userDefined": false
      }
    ],
    "isTemplate": false,
    "count": 0,
    "updated": 0
  },
  {
    "id": "2abc0e69-a5cb-48e5-a525-0726d86614ed",
    "data": [
      {
        "text": "Did anyone die come Coronavirus?",
        "userDefined": false
      }
    ],
    "isTemplate": false,
    "count": 0,
    "updated": 0
  },
  {
    "id": "702c472b-686f-4f8e-ade3-2f384edfd794",
    "data": [
      {
        "text": "How many people died from Corona virus?",
        "userDefined": false
      }
    ],
    "isTemplate": false,
    "count": 1,
    "updated": 0
  },
  {
    "id": "7cb1ee4a-6483-45c1-a688-85de6f77e378",
    "data": [
      {
        "text": "how many died in the ",
        "userDefined": false
      },
      {
        "text": "uk",
        "alias": "geo-country",
        "meta": "@sys.geo-country",
        "userDefined": false
      },
      {
        "text": "?",
        "userDefined": false
      }
    ],
    "isTemplate": false,
    "count": 0,
    "updated": 0
  },
  {
    "id": "02b76bc2-7064-4a69-81d3-1886250e135c",
    "data": [
      {
        "text": "died in usa",
        "userDefined": false
      }
    ],
    "isTemplate": false,
    "count": 0,
    "updated": 0
  },
  {
    "id": "833e3a28-ce32-46c4-8a51-6a3d8ce4dd0c",
    "data": [
      {
        "text": "how many deaths so far in the ",
        "userDefined": false
      },
      {
        "text": "US",
        "alias": "geo-country",
        "meta": "@sys.geo-country",
        "userDefined": false
      }
    ],
    "isTemplate": false,
    "count": 0,
    "updated": 0
  },
  {
    "id": "b1bd40ea-3fc8-4575-a2f3-377d443209d9",
    "data": [
      {
        "text": "How many people have died?",
        "userDefined": false
      }
    ],
    "isTemplate": false,
    "count": 1,
    "updated": 0
  },
  {
    "id": "9ceb567a-6dd8-4d85-9824-c7b2d984642c",
    "data": [
      {
        "text": "what is the current mortality rate",
        "userDefined": false
      }
    ],
    "isTemplate": false,
    "count": 0,
    "updated": 0
  },
  {
    "id": "096fb782-74e7-4f63-a3a0-b9907235dd82",
    "data": [
      {
        "text": "how many deaths have there been in the ",
        "userDefined": false
      },
      {
        "text": "us",
        "alias": "geo-country",
        "meta": "@sys.geo-country",
        "userDefined": false
      }
    ],
    "isTemplate": false,
    "count": 0,
    "updated": 0
  },
  {
    "id": "2e556a9e-46ab-4be6-bcbc-cee70438eb2b",
    "data": [
      {
        "text": "How many deaths have there been from COVID-19 in the ",
        "userDefined": false
      },
      {
        "text": "United States",
        "alias": "geo-country",
        "meta": "@sys.geo-country",
        "userDefined": false
      },
      {
        "text": "?",
        "userDefined": false
      }
    ],
    "isTemplate": false,
    "count": 0,
    "updated": 0
  },
  {
    "id": "0450214d-5fd3-4c92-a726-f070a9e416e8",
    "data": [
      {
        "text": "how many people die every day",
        "userDefined": false
      }
    ],
    "isTemplate": false,
    "count": 0,
    "updated": 0
  },
  {
    "id": "57144153-8e1e-47c7-ac6f-88a0f0652c3c",
    "data": [
      {
        "text": "how many people have died",
        "userDefined": false
      }
    ],
    "isTemplate": false,
    "count": 0,
    "updated": 0
  },
  {
    "id": "84c10b23-65d3-4c1b-ab8d-a9bd486bdd98",
    "data": [
      {
        "text": "What is the mortality rate for covid",
        "userDefined": false
      }
    ],
    "isTemplate": false,
    "count": 0,
    "updated": 0
  },
  {
    "id": "c2957e17-332e-42ab-8257-6da283a93c4f",
    "data": [
      {
        "text": "How many people have died covid?",
        "userDefined": false
      }
    ],
    "isTemplate": false,
    "count": 0,
    "updated": 0
  },
  {
    "id": "36453116-3db9-4bbb-83b3-95c3af0ff674",
    "data": [
      {
        "text": "How many people have died in San Bernardino County?",
        "userDefined": false
      }
    ],
    "isTemplate": false,
    "count": 0,
    "updated": 0
  },
  {
    "id": "34232b9b-c7a1-42a9-952e-c4a3a0c8973c",
    "data": [
      {
        "text": "the total number of deaths",
        "userDefined": false
      }
    ],
    "isTemplate": false,
    "count": 0,
    "updated": 0
  },
  {
    "id": "cccac543-b23b-4e93-9ce6-8d2b8013c64a",
    "data": [
      {
        "text": "what is the death toll",
        "userDefined": false
      }
    ],
    "isTemplate": false,
    "count": 0,
    "updated": 0
  },
  {
    "id": "9d16b751-0846-4c8b-b214-1841bee1c991",
    "data": [
      {
        "text": "How many deaths have resulted from covid-19?",
        "userDefined": false
      }
    ],
    "isTemplate": false,
    "count": 0,
    "updated": 0
  },
  {
    "id": "f762634b-a3cc-470b-8d57-9f071f0b2b80",
    "data": [
      {
        "text": "How many people globally have died from the ",
        "userDefined": false
      },
      {
        "text": "coronavirus",
        "alias": "covid-19",
        "meta": "@covid-19",
        "userDefined": false
      },
      {
        "text": "?",
        "userDefined": false
      }
    ],
    "isTemplate": false,
    "count": 1,
    "updated": 0
  },
  {
    "id": "de08899f-8f58-44ff-b144-ac529523267d",
    "data": [
      {
        "text": "what\u0027s the fatality rate?",
        "userDefined": false
      }
    ],
    "isTemplate": false,
    "count": 0,
    "updated": 0
  },
  {
    "id": "2615ff94-1e24-4d2e-b40d-acc5517b99bd",
    "data": [
      {
        "text": "can you tell me death rate by age?",
        "userDefined": false
      }
    ],
    "isTemplate": false,
    "count": 0,
    "updated": 0
  },
  {
    "id": "53ca0fdf-d6fe-4988-a07d-ecb6e647f67f",
    "data": [
      {
        "text": "was is the mortality rate?",
        "userDefined": false
      }
    ],
    "isTemplate": false,
    "count": 0,
    "updated": 0
  },
  {
    "id": "17df68ed-85fa-488c-93c1-9c4cabce385d",
    "data": [
      {
        "text": "Death rate in king county today",
        "userDefined": false
      }
    ],
    "isTemplate": false,
    "count": 0,
    "updated": 0
  },
  {
    "id": "03a6d89c-c78d-44b1-8a19-66a12741e507",
    "data": [
      {
        "text": "Death count",
        "userDefined": false
      }
    ],
    "isTemplate": false,
    "count": 0,
    "updated": 0
  },
  {
    "id": "71ea23ed-eadf-4578-91e1-f613bb97a942",
    "data": [
      {
        "text": "fatality rate",
        "userDefined": false
      }
    ],
    "isTemplate": false,
    "count": 0,
    "updated": 0
  },
  {
    "id": "ea45ce58-7bf4-4dd5-8947-ff4bcb9633cf",
    "data": [
      {
        "text": "what is the current death count?",
        "userDefined": false
      }
    ],
    "isTemplate": false,
    "count": 0,
    "updated": 0
  },
  {
    "id": "36db75b4-e409-4e0a-baff-79b20cba55cf",
    "data": [
      {
        "text": "US",
        "alias": "geo-country",
        "meta": "@sys.geo-country",
        "userDefined": true
      },
      {
        "text": " ",
        "userDefined": false
      },
      {
        "text": "coronavirus",
        "alias": "covid-19",
        "meta": "@covid-19",
        "userDefined": false
      },
      {
        "text": " death toll",
        "userDefined": false
      }
    ],
    "isTemplate": false,
    "count": 0,
    "updated": 0
  },
  {
    "id": "2a79bb4c-7b40-4de0-85cf-9b94fdb276e4",
    "data": [
      {
        "text": "coronavirus",
        "alias": "covid-19",
        "meta": "@covid-19",
        "userDefined": false
      },
      {
        "text": " death toll",
        "userDefined": false
      }
    ],
    "isTemplate": false,
    "count": 0,
    "updated": 0
  },
  {
    "id": "2b9a4d44-108c-4ddd-ba19-fdf2c53a6594",
    "data": [
      {
        "text": "how many people died",
        "userDefined": false
      }
    ],
    "isTemplate": false,
    "count": 0,
    "updated": 0
  },
  {
    "id": "0eec210e-11ac-4d63-a4e3-a6337d4f978a",
    "data": [
      {
        "text": "deaths number",
        "userDefined": false
      }
    ],
    "isTemplate": false,
    "count": 0,
    "updated": 0
  },
  {
    "id": "5fc51708-6c9c-4c36-9d47-2e93f4655dc2",
    "data": [
      {
        "text": "how many deaths",
        "userDefined": false
      }
    ],
    "isTemplate": false,
    "count": 0,
    "updated": 0
  },
  {
    "id": "8e1375e7-9771-499a-ba73-7d7ec47f9815",
    "data": [
      {
        "text": "death rate",
        "userDefined": false
      }
    ],
    "isTemplate": false,
    "count": 0,
    "updated": 0
  },
  {
    "id": "30e8c887-5e3a-4176-9315-ff081376a298",
    "data": [
      {
        "text": "What is the death rate of ",
        "userDefined": false
      },
      {
        "text": "coronavirus",
        "alias": "covid-19",
        "meta": "@covid-19",
        "userDefined": false
      },
      {
        "text": "?",
        "userDefined": false
      }
    ],
    "isTemplate": false,
    "count": 0,
    "updated": 0
  },
  {
    "id": "79ba2cf2-f067-45d2-8bb1-aab57729bbae",
    "data": [
      {
        "text": "How many people have died from ",
        "userDefined": false
      },
      {
        "text": "coronavirus",
        "alias": "covid-19",
        "meta": "@covid-19",
        "userDefined": false
      },
      {
        "text": "?",
        "userDefined": false
      }
    ],
    "isTemplate": false,
    "count": 0,
    "updated": 0
  }
]