[
  {
    "id": "2a0bf573-d465-4d88-9ef7-fed4dc768097",
    "data": [
      {
        "text": "what can I do to help others during this difficult time?",
        "userDefined": false
      }
    ],
    "isTemplate": false,
    "count": 1,
    "updated": 0
  },
  {
    "id": "4160815d-8ef3-445e-baa3-23ca1cd9d6f8",
    "data": [
      {
        "text": "How can I be a volunteer in this?",
        "userDefined": false
      }
    ],
    "isTemplate": false,
    "count": 0,
    "updated": 0
  },
  {
    "id": "fcb313b6-66f6-4970-852c-e621a3af1001",
    "data": [
      {
        "text": "how can I help community",
        "userDefined": false
      }
    ],
    "isTemplate": false,
    "count": 0,
    "updated": 0
  },
  {
    "id": "72c806bf-54a9-472f-88c8-84710f778cb6",
    "data": [
      {
        "text": "how can I help?",
        "userDefined": false
      }
    ],
    "isTemplate": false,
    "count": 0,
    "updated": 0
  },
  {
    "id": "b902989f-943c-4d69-8ddc-340f62ec5809",
    "data": [
      {
        "text": "I want to donate money to people in need",
        "userDefined": false
      }
    ],
    "isTemplate": false,
    "count": 0,
    "updated": 0
  },
  {
    "id": "cd08419b-7559-49ac-8e36-6b1eb79c9ec8",
    "data": [
      {
        "text": "I want to help other people during this difficult time",
        "userDefined": false
      }
    ],
    "isTemplate": false,
    "count": 0,
    "updated": 0
  },
  {
    "id": "86f62d59-acdd-45fa-a868-d5cb3bd0b393",
    "data": [
      {
        "text": "how can I help others",
        "userDefined": false
      }
    ],
    "isTemplate": false,
    "count": 0,
    "updated": 0
  },
  {
    "id": "d94acee0-94bc-412f-84fd-518328829b38",
    "data": [
      {
        "text": "I want to volunteer",
        "userDefined": false
      }
    ],
    "isTemplate": false,
    "count": 0,
    "updated": 0
  },
  {
    "id": "0ab3dbb1-2832-4454-867d-9e913bcbb294",
    "data": [
      {
        "text": "Can I do anything to help others in need",
        "userDefined": false
      }
    ],
    "isTemplate": false,
    "count": 0,
    "updated": 0
  },
  {
    "id": "2e2c26f9-0954-4fbf-8aa0-bfc1c6a7c95c",
    "data": [
      {
        "text": "How can I help other people in need?",
        "userDefined": false
      }
    ],
    "isTemplate": false,
    "count": 0,
    "updated": 0
  },
  {
    "id": "1a29446b-5671-4ee2-b1c8-dea98b589816",
    "data": [
      {
        "text": "How can I help other people?",
        "userDefined": false
      }
    ],
    "isTemplate": false,
    "count": 0,
    "updated": 0
  },
  {
    "id": "a1df6871-cc9b-4c18-8b3e-69c24f9d02bb",
    "data": [
      {
        "text": "What can I do to help?",
        "userDefined": false
      }
    ],
    "isTemplate": false,
    "count": 0,
    "updated": 0
  }
]