[
  {
    "id": "9f0d30a7-0dde-4595-a2c6-3388ac36836b",
    "data": [
      {
        "text": "Is the widest airborne?",
        "userDefined": false
      }
    ],
    "isTemplate": false,
    "count": 0,
    "updated": 0
  },
  {
    "id": "2469bc50-1af3-4190-b06c-50af4e101012",
    "data": [
      {
        "text": "Is the virus airborne?",
        "userDefined": false
      }
    ],
    "isTemplate": false,
    "count": 1,
    "updated": 0
  },
  {
    "id": "cb577078-e3a3-4d67-9f71-ac1bc4fd478d",
    "data": [
      {
        "text": "Can the virus be transmitted through air?",
        "userDefined": false
      }
    ],
    "isTemplate": false,
    "count": 0,
    "updated": 0
  },
  {
    "id": "caefd490-93a9-4995-9a37-f2f861b56fe6",
    "data": [
      {
        "text": "Is the virus in the air?",
        "userDefined": false
      }
    ],
    "isTemplate": false,
    "count": 0,
    "updated": 0
  },
  {
    "id": "e057c32f-027e-4e54-838e-8a4eac676f19",
    "data": [
      {
        "text": "HHow long can coronavirus stay \"alive\" in the air?",
        "userDefined": false
      }
    ],
    "isTemplate": false,
    "count": 0,
    "updated": 0
  },
  {
    "id": "23e01c4f-66a3-4d89-b5c6-42284f1d66e7",
    "data": [
      {
        "text": "can it spread through air?",
        "userDefined": false
      }
    ],
    "isTemplate": false,
    "count": 0,
    "updated": 0
  },
  {
    "id": "a98db2fa-2e4f-4f6b-ae17-bed83d578906",
    "data": [
      {
        "text": "is the virus airborne?",
        "userDefined": false
      }
    ],
    "isTemplate": false,
    "count": 0,
    "updated": 0
  },
  {
    "id": "a2fb7a24-3735-407e-b0a9-a8534392277f",
    "data": [
      {
        "text": "can you catch the virus from airborne?",
        "userDefined": false
      }
    ],
    "isTemplate": false,
    "count": 0,
    "updated": 0
  },
  {
    "id": "c99e035d-c333-4711-8b19-c19fe12f6f61",
    "data": [
      {
        "text": "can coronavirus stay alive in the air?",
        "userDefined": false
      }
    ],
    "isTemplate": false,
    "count": 0,
    "updated": 0
  },
  {
    "id": "45ee259a-b090-4c69-93ab-4df0cf5a8934",
    "data": [
      {
        "text": "how long can the virus live in the air?",
        "userDefined": false
      }
    ],
    "isTemplate": false,
    "count": 0,
    "updated": 0
  },
  {
    "id": "d3a5281e-408e-40c2-b9b9-eef26bdd35ad",
    "data": [
      {
        "text": "Is it true that coronavirus can live in air for ",
        "userDefined": false
      },
      {
        "text": "3 hours",
        "meta": "@sys.ignore",
        "userDefined": false
      },
      {
        "text": "?",
        "userDefined": false
      }
    ],
    "isTemplate": false,
    "count": 0,
    "updated": 0
  },
  {
    "id": "7e2f4266-d68a-4343-9444-4711e5a844fa",
    "data": [
      {
        "text": "does the new virus persist in air for hours?",
        "userDefined": false
      }
    ],
    "isTemplate": false,
    "count": 0,
    "updated": 0
  },
  {
    "id": "ce382b1b-e30a-4179-9ac5-8ef54bdfaa4e",
    "data": [
      {
        "text": "can the virus survive in air?",
        "userDefined": false
      }
    ],
    "isTemplate": false,
    "count": 0,
    "updated": 0
  },
  {
    "id": "2b57f991-67b4-40c5-b154-21698393de52",
    "data": [
      {
        "text": "will coronavirus live in the air?",
        "userDefined": false
      }
    ],
    "isTemplate": false,
    "count": 0,
    "updated": 0
  },
  {
    "id": "5600f9fb-088c-4bd0-9842-220cf5c36530",
    "data": [
      {
        "text": "Can i get infected through air transmission?",
        "userDefined": false
      }
    ],
    "isTemplate": false,
    "count": 0,
    "updated": 0
  },
  {
    "id": "e70fd907-c18f-46c1-87fe-e5955cbb22cb",
    "data": [
      {
        "text": "does the virus spread through air?",
        "userDefined": false
      }
    ],
    "isTemplate": false,
    "count": 0,
    "updated": 0
  },
  {
    "id": "405299a0-8c1c-4da0-a60a-b973e73e46e4",
    "data": [
      {
        "text": "Can the virus that causes COVID-19 be transmitted through the air?",
        "userDefined": false
      }
    ],
    "isTemplate": false,
    "count": 0,
    "updated": 0
  }
]