[
  {
    "id": "4354bf0f-6a46-47a8-b18d-9bcb2203b4a9",
    "data": [
      {
        "text": "What about losing sense of taste",
        "userDefined": false
      }
    ],
    "isTemplate": false,
    "count": 0,
    "updated": 0
  },
  {
    "id": "a52e6bd2-3b44-406f-b68c-bb920f9fc31c",
    "data": [
      {
        "text": "Is losing sense of smell a symptom of Covid?",
        "userDefined": false
      }
    ],
    "isTemplate": false,
    "count": 0,
    "updated": 0
  },
  {
    "id": "d481200f-7a05-48b8-b7c7-af6d12e6fc51",
    "data": [
      {
        "text": "is red eyes a symptom",
        "userDefined": false
      }
    ],
    "isTemplate": false,
    "count": 0,
    "updated": 0
  },
  {
    "id": "7b90f1dc-aa0c-4591-95db-051c5a0ad174",
    "data": [
      {
        "text": "what are the symptoms?",
        "userDefined": false
      }
    ],
    "isTemplate": false,
    "count": 1,
    "updated": 0
  },
  {
    "id": "c48e8b61-4a76-4acf-881a-f8d4d5392c82",
    "data": [
      {
        "text": "is chest pain a symptom",
        "userDefined": false
      }
    ],
    "isTemplate": false,
    "count": 0,
    "updated": 0
  },
  {
    "id": "b06ddeef-3fd4-4487-968b-76239b982308",
    "data": [
      {
        "text": "What are the signs of someone who caught Coronavirus?",
        "userDefined": false
      }
    ],
    "isTemplate": false,
    "count": 0,
    "updated": 0
  },
  {
    "id": "fd583e8c-f2c8-4139-a32f-c7ff90ce42a8",
    "data": [
      {
        "text": "And what are the symptoms?",
        "userDefined": false
      }
    ],
    "isTemplate": false,
    "count": 0,
    "updated": 0
  },
  {
    "id": "c726ae02-4fb1-439f-8747-4f073ad9554a",
    "data": [
      {
        "text": "what happens if you get it",
        "userDefined": false
      }
    ],
    "isTemplate": false,
    "count": 1,
    "updated": 0
  },
  {
    "id": "4d7cf9bd-0e30-4606-a763-fa832210c656",
    "data": [
      {
        "text": "what happens if you get the virus",
        "userDefined": false
      }
    ],
    "isTemplate": false,
    "count": 0,
    "updated": 0
  },
  {
    "id": "bddccf3d-ef24-4467-932f-15fb77e1d220",
    "data": [
      {
        "text": "what happens when you get the virus",
        "userDefined": false
      }
    ],
    "isTemplate": false,
    "count": 0,
    "updated": 0
  },
  {
    "id": "2b261167-c954-4813-be59-2b66673ae7ed",
    "data": [
      {
        "text": "how do I know if I have it",
        "userDefined": false
      }
    ],
    "isTemplate": false,
    "count": 0,
    "updated": 0
  },
  {
    "id": "cf9a57f3-9f7c-408a-babd-8ef4bb24c5b7",
    "data": [
      {
        "text": "How do I know if I have it or not?",
        "userDefined": false
      }
    ],
    "isTemplate": false,
    "count": 0,
    "updated": 0
  },
  {
    "id": "3d12ad5b-9916-4ac0-bbca-2cca7e2ac0de",
    "data": [
      {
        "text": "what indicates that I might have it",
        "userDefined": false
      }
    ],
    "isTemplate": false,
    "count": 1,
    "updated": 0
  },
  {
    "id": "b2e185d4-44c2-4172-afa6-111046d43484",
    "data": [
      {
        "text": "what indications",
        "userDefined": false
      }
    ],
    "isTemplate": false,
    "count": 0,
    "updated": 0
  },
  {
    "id": "b3bc76ca-f21d-4cb4-bf0c-520b32850898",
    "data": [
      {
        "text": "What are the top symptom of covid-19?",
        "userDefined": false
      }
    ],
    "isTemplate": false,
    "count": 0,
    "updated": 0
  },
  {
    "id": "b1a03fca-0426-4af7-a312-ae1b6e619e3a",
    "data": [
      {
        "text": "how do I know if I have the virus?",
        "userDefined": false
      }
    ],
    "isTemplate": false,
    "count": 1,
    "updated": 0
  },
  {
    "id": "f9583a99-b9bd-4acf-bfe8-8d5dfdbf22a3",
    "data": [
      {
        "text": "what are main symptoms of covid-19?",
        "userDefined": false
      }
    ],
    "isTemplate": false,
    "count": 0,
    "updated": 0
  },
  {
    "id": "c42f52ae-8f95-49d4-9f5a-1ada999fffd8",
    "data": [
      {
        "text": "My throat is scratchy, how do i know if it is serious?",
        "userDefined": false
      }
    ],
    "isTemplate": false,
    "count": 0,
    "updated": 0
  },
  {
    "id": "d86f24d5-1e3b-45e6-83b4-2fc971112280",
    "data": [
      {
        "text": "What are covid symptoms?",
        "userDefined": false
      }
    ],
    "isTemplate": false,
    "count": 0,
    "updated": 0
  },
  {
    "id": "f564d2ea-8813-4222-aa6f-23e75826f108",
    "data": [
      {
        "text": "how do i find out if i have covid-19",
        "userDefined": false
      }
    ],
    "isTemplate": false,
    "count": 0,
    "updated": 0
  },
  {
    "id": "1d9a6092-e84f-47bb-bb28-902a5702a445",
    "data": [
      {
        "text": "What are the symptoms of covid-19",
        "userDefined": false
      }
    ],
    "isTemplate": false,
    "count": 0,
    "updated": 0
  },
  {
    "id": "93c048e4-061d-4414-b718-8ba3e331b032",
    "data": [
      {
        "text": "I have a rash, is that a symptom?",
        "userDefined": false
      }
    ],
    "isTemplate": false,
    "count": 0,
    "updated": 0
  },
  {
    "id": "12e60c78-e0c7-4acb-a04f-d50363d4f33d",
    "data": [
      {
        "text": "how do i know if i have coronavirus?",
        "userDefined": false
      }
    ],
    "isTemplate": false,
    "count": 0,
    "updated": 0
  },
  {
    "id": "0add9d45-3693-4769-8546-1572e9d294ad",
    "data": [
      {
        "text": "What are the symptoms of covid-19?",
        "userDefined": false
      }
    ],
    "isTemplate": false,
    "count": 0,
    "updated": 0
  },
  {
    "id": "64c70cb5-55f0-4492-b47f-a4e6d0374ae0",
    "data": [
      {
        "text": "Tell me about symptoms.",
        "userDefined": false
      }
    ],
    "isTemplate": false,
    "count": 0,
    "updated": 0
  },
  {
    "id": "6f8c8423-377a-4694-ad67-e1df65b3bf4a",
    "data": [
      {
        "text": "do you have a symptom checklist?",
        "userDefined": false
      }
    ],
    "isTemplate": false,
    "count": 1,
    "updated": 0
  },
  {
    "id": "1dbc1450-cfa3-4346-9a0b-0e39cda38982",
    "data": [
      {
        "text": "How can I tell if I have covid-19?",
        "userDefined": false
      }
    ],
    "isTemplate": false,
    "count": 1,
    "updated": 0
  },
  {
    "id": "9aadac23-3bb9-4665-bc26-75034738257c",
    "data": [
      {
        "text": "how can i tell if i have covid-19?",
        "userDefined": false
      }
    ],
    "isTemplate": false,
    "count": 0,
    "updated": 0
  },
  {
    "id": "4c4abfe2-6d37-4409-b11f-9bfb594c6a94",
    "data": [
      {
        "text": "how do I check for symptoms?",
        "userDefined": false
      }
    ],
    "isTemplate": false,
    "count": 0,
    "updated": 0
  },
  {
    "id": "6240e254-ced3-4274-8ddd-684a0dadc4d9",
    "data": [
      {
        "text": "What are the symptoms?",
        "userDefined": false
      }
    ],
    "isTemplate": false,
    "count": 0,
    "updated": 0
  },
  {
    "id": "c4834463-55c1-4137-bda3-881acaa8eccf",
    "data": [
      {
        "text": "What is the signs of covid-19?",
        "userDefined": false
      }
    ],
    "isTemplate": false,
    "count": 0,
    "updated": 0
  },
  {
    "id": "d58288aa-5c4d-4be5-87de-60ed3d02f25c",
    "data": [
      {
        "text": "How do I know if I\u0027m feeling exposed?",
        "userDefined": false
      }
    ],
    "isTemplate": false,
    "count": 0,
    "updated": 0
  },
  {
    "id": "b7e0d5fb-381e-4717-9f0e-6ebf2f094d5f",
    "data": [
      {
        "text": "What are the symptoms of Coronavirus?",
        "userDefined": false
      }
    ],
    "isTemplate": false,
    "count": 0,
    "updated": 0
  },
  {
    "id": "d4293644-8854-4f71-aca3-5dbbd778605d",
    "data": [
      {
        "text": "How to tell if i am infected?",
        "userDefined": false
      }
    ],
    "isTemplate": false,
    "count": 0,
    "updated": 0
  },
  {
    "id": "412d1001-b7c4-4328-9f28-29043f456b12",
    "data": [
      {
        "text": "what is it like to have the virus?",
        "userDefined": false
      }
    ],
    "isTemplate": false,
    "count": 0,
    "updated": 0
  },
  {
    "id": "1ad216b6-db7f-45d7-8a8b-f897d7d03776",
    "data": [
      {
        "text": "what is it like to have the virus",
        "userDefined": false
      }
    ],
    "isTemplate": false,
    "count": 0,
    "updated": 0
  },
  {
    "id": "545111cc-1789-4613-b076-70804f8bb4c4",
    "data": [
      {
        "text": "what symptoms",
        "userDefined": false
      }
    ],
    "isTemplate": false,
    "count": 0,
    "updated": 0
  },
  {
    "id": "4dbf6c92-9493-41d1-ab6d-f841744f22c4",
    "data": [
      {
        "text": "is a runny nose a symptom of corona virus?",
        "userDefined": false
      }
    ],
    "isTemplate": false,
    "count": 0,
    "updated": 0
  },
  {
    "id": "5aa3b77a-52b7-4b2a-a7fd-61b0ff07413d",
    "data": [
      {
        "text": "what should I look for to indicate I need a test for the covid19 virus",
        "userDefined": false
      }
    ],
    "isTemplate": false,
    "count": 0,
    "updated": 0
  },
  {
    "id": "ee8940fa-ca3c-41f9-9876-244a14d47be7",
    "data": [
      {
        "text": "How do I know if I have the virus?",
        "userDefined": false
      }
    ],
    "isTemplate": false,
    "count": 0,
    "updated": 0
  },
  {
    "id": "753aa482-3313-4467-9937-10f11775a492",
    "data": [
      {
        "text": "what symptoms do people show?",
        "userDefined": false
      }
    ],
    "isTemplate": false,
    "count": 0,
    "updated": 0
  },
  {
    "id": "8d5acf2c-4f1f-4c8f-be3b-09df65163d7e",
    "data": [
      {
        "text": "Covid symptoms",
        "userDefined": false
      }
    ],
    "isTemplate": false,
    "count": 0,
    "updated": 0
  },
  {
    "id": "ac299b21-46ea-42a6-815f-61b373e78e44",
    "data": [
      {
        "text": "Symptoms",
        "userDefined": false
      }
    ],
    "isTemplate": false,
    "count": 0,
    "updated": 0
  },
  {
    "id": "1687fb63-08e2-4028-af15-090dd8885f01",
    "data": [
      {
        "text": "symptoms",
        "userDefined": false
      }
    ],
    "isTemplate": false,
    "count": 1,
    "updated": 0
  },
  {
    "id": "659c6124-44fa-47a8-a00b-8c8efd1a4cdf",
    "data": [
      {
        "text": "How do I know if I\u0027m sick?",
        "userDefined": false
      }
    ],
    "isTemplate": false,
    "count": 0,
    "updated": 0
  },
  {
    "id": "a3dc081c-df69-4286-ba35-f2b8f671ad61",
    "data": [
      {
        "text": "what are the symptoms of code 19",
        "userDefined": false
      }
    ],
    "isTemplate": false,
    "count": 0,
    "updated": 0
  },
  {
    "id": "42b3fefd-f675-4c89-bd40-b3aa47c74470",
    "data": [
      {
        "text": "what symptoms should i be concerned about",
        "userDefined": false
      }
    ],
    "isTemplate": false,
    "count": 0,
    "updated": 0
  },
  {
    "id": "ecc29185-a93d-4457-832e-dc353e8aa8c4",
    "data": [
      {
        "text": "What are the symptoms",
        "userDefined": false
      }
    ],
    "isTemplate": false,
    "count": 0,
    "updated": 0
  },
  {
    "id": "f1539f6b-38e7-4457-9865-c9da3a8f779b",
    "data": [
      {
        "text": "How do I know if I\u0027m infected?",
        "userDefined": false
      }
    ],
    "isTemplate": false,
    "count": 1,
    "updated": 0
  },
  {
    "id": "893f4383-a937-40e1-badc-f42a374d6993",
    "data": [
      {
        "text": "How do I know that I\u0027m infected by the Coronavirus?",
        "userDefined": false
      }
    ],
    "isTemplate": false,
    "count": 0,
    "updated": 0
  },
  {
    "id": "fc8b27be-6d54-4cc9-8096-51cf494f2baf",
    "data": [
      {
        "text": "what are the symptoms",
        "userDefined": false
      }
    ],
    "isTemplate": false,
    "count": 0,
    "updated": 0
  },
  {
    "id": "52a4c0e5-64bd-4aa3-ab6d-095ee2661bd2",
    "data": [
      {
        "text": "OK and what if I have symptoms, how do I know? What are the symptoms?",
        "userDefined": false
      }
    ],
    "isTemplate": false,
    "count": 0,
    "updated": 0
  },
  {
    "id": "93b24a1c-9569-4f4b-9ad5-f524f607103b",
    "data": [
      {
        "text": "I\u0027m not sure if I have Corona",
        "userDefined": false
      }
    ],
    "isTemplate": false,
    "count": 0,
    "updated": 0
  },
  {
    "id": "00a8e722-e8aa-430a-b6cc-dbbd4547a461",
    "data": [
      {
        "text": "how do I know if I have corona virus",
        "userDefined": false
      }
    ],
    "isTemplate": false,
    "count": 0,
    "updated": 0
  },
  {
    "id": "444d3dff-0476-422b-8ef6-ff58048a4171",
    "data": [
      {
        "text": "what are the sypmtoms?",
        "userDefined": false
      }
    ],
    "isTemplate": false,
    "count": 0,
    "updated": 0
  },
  {
    "id": "a1ffbad0-f1c0-4cd3-826b-b0ad5f327063",
    "data": [
      {
        "text": "what are the symptoms this coronavirus causes?",
        "userDefined": false
      }
    ],
    "isTemplate": false,
    "count": 0,
    "updated": 0
  },
  {
    "id": "adee8f5a-fa4f-4362-a500-a64dca642694",
    "data": [
      {
        "text": "how can I tell if I have coronavirus?",
        "userDefined": false
      }
    ],
    "isTemplate": false,
    "count": 0,
    "updated": 0
  },
  {
    "id": "f0268a75-2f67-4e8f-8b14-838ebb3e7afc",
    "data": [
      {
        "text": "symptoms of coronavirus",
        "userDefined": false
      }
    ],
    "isTemplate": false,
    "count": 0,
    "updated": 0
  },
  {
    "id": "8666f3a1-08eb-47ea-bbbd-577433c79c5f",
    "data": [
      {
        "text": "common symptoms of covid ",
        "userDefined": false
      },
      {
        "text": "19",
        "meta": "@sys.ignore",
        "userDefined": false
      }
    ],
    "isTemplate": false,
    "count": 1,
    "updated": 0
  },
  {
    "id": "c06f151b-ef8a-4fb0-8810-bc73b20d2a8e",
    "data": [
      {
        "text": "how can i tell if i am infected?",
        "userDefined": false
      }
    ],
    "isTemplate": false,
    "count": 0,
    "updated": 0
  },
  {
    "id": "14dcf0f9-9399-4b64-abba-ba77632030f9",
    "data": [
      {
        "text": "flu symptoms vs coronavirus symptoms",
        "userDefined": false
      }
    ],
    "isTemplate": false,
    "count": 0,
    "updated": 0
  },
  {
    "id": "00cc1dcb-7f94-41cf-9f3c-4f2b57ff1dcc",
    "data": [
      {
        "text": "what are the common coronavirus symptoms?",
        "userDefined": false
      }
    ],
    "isTemplate": false,
    "count": 0,
    "updated": 0
  },
  {
    "id": "64963eae-98ce-49e4-8d48-356edfb76a5d",
    "data": [
      {
        "text": "what are the warning signs to know about coronavirus?",
        "userDefined": false
      }
    ],
    "isTemplate": false,
    "count": 0,
    "updated": 0
  },
  {
    "id": "24901bea-3d1b-40bb-bbca-35260c37a486",
    "data": [
      {
        "text": "how does the new coronavirus symptoms compare with the flu?",
        "userDefined": false
      }
    ],
    "isTemplate": false,
    "count": 0,
    "updated": 0
  },
  {
    "id": "b062676b-1862-456a-baae-66fcafafc6a3",
    "data": [
      {
        "text": "what are the signs of a coronavirus infection?",
        "userDefined": false
      }
    ],
    "isTemplate": false,
    "count": 0,
    "updated": 0
  },
  {
    "id": "1dc608c8-1790-436d-9d5a-1e478249369a",
    "data": [
      {
        "text": "what are the symptoms and complications that COVID-19 can cause?",
        "userDefined": false
      }
    ],
    "isTemplate": false,
    "count": 0,
    "updated": 0
  },
  {
    "id": "3ec8b2d8-d78a-4458-9b83-0a9e07d6aeb8",
    "data": [
      {
        "text": "how do I know if I have caught coronavirus or not?",
        "userDefined": false
      }
    ],
    "isTemplate": false,
    "count": 0,
    "updated": 0
  },
  {
    "id": "adc50392-3c63-4977-a506-a473bcd65d78",
    "data": [
      {
        "text": "what are the signs of someone who had caught covid-19?",
        "userDefined": false
      }
    ],
    "isTemplate": false,
    "count": 0,
    "updated": 0
  }
]