[
  {
    "id": "4bbadf0b-3fc9-418f-baa4-803f17099119",
    "data": [
      {
        "text": "Is covid-19 spread by spit?",
        "userDefined": false
      }
    ],
    "isTemplate": false,
    "count": 0,
    "updated": 0
  },
  {
    "id": "5f01bd69-cf36-4b02-a4a0-f61171a87e2e",
    "data": [
      {
        "text": "how do I get it",
        "userDefined": false
      }
    ],
    "isTemplate": false,
    "count": 1,
    "updated": 0
  },
  {
    "id": "007ed729-bbce-43d1-a8cb-dd3421f6ccee",
    "data": [
      {
        "text": "how contagious is the corona",
        "userDefined": false
      }
    ],
    "isTemplate": false,
    "count": 1,
    "updated": 0
  },
  {
    "id": "fbc7532f-a429-4aaf-a196-e5b4b3d3c76b",
    "data": [
      {
        "text": "can I get it by kissing someone",
        "userDefined": false
      }
    ],
    "isTemplate": false,
    "count": 1,
    "updated": 0
  },
  {
    "id": "12c49c00-f9b0-411e-a417-ebc2e3543fe7",
    "data": [
      {
        "text": "can I get it if I am in the same room",
        "userDefined": false
      }
    ],
    "isTemplate": false,
    "count": 1,
    "updated": 0
  },
  {
    "id": "acd7ac6a-c07c-4c07-8977-1ed4a6657e32",
    "data": [
      {
        "text": "Can I pass it on to my child if I have it",
        "userDefined": false
      }
    ],
    "isTemplate": false,
    "count": 1,
    "updated": 0
  },
  {
    "id": "bead83c8-65ef-44fd-944a-ec0a948cc5d6",
    "data": [
      {
        "text": "how contagious is it?",
        "userDefined": false
      }
    ],
    "isTemplate": false,
    "count": 0,
    "updated": 0
  },
  {
    "id": "b21278e0-050a-421c-9fd5-81540a724981",
    "data": [
      {
        "text": "does it spread easily?",
        "userDefined": false
      }
    ],
    "isTemplate": false,
    "count": 0,
    "updated": 0
  },
  {
    "id": "bccc0492-81bb-4cff-9129-daad2c84247d",
    "data": [
      {
        "text": "does one simply walk into the ",
        "userDefined": false
      },
      {
        "text": "coronavirus",
        "alias": "covid-19",
        "meta": "@covid-19",
        "userDefined": false
      },
      {
        "text": "?",
        "userDefined": false
      }
    ],
    "isTemplate": false,
    "count": 0,
    "updated": 0
  },
  {
    "id": "f3e7b501-8e3b-4443-be31-7149c90174e0",
    "data": [
      {
        "text": "how contagious is it",
        "userDefined": false
      }
    ],
    "isTemplate": false,
    "count": 0,
    "updated": 0
  },
  {
    "id": "986c38e8-c79e-4af1-b58b-17ee27961650",
    "data": [
      {
        "text": "Can I get the virus bringing in my trash barrel?",
        "userDefined": false
      }
    ],
    "isTemplate": false,
    "count": 0,
    "updated": 0
  },
  {
    "id": "154b2bff-0dd1-49a9-941f-96a8fa20a46d",
    "data": [
      {
        "text": "how do you get COVID-19?",
        "userDefined": false
      }
    ],
    "isTemplate": false,
    "count": 0,
    "updated": 0
  },
  {
    "id": "ab6a9264-ee8e-43da-953c-993a9b6288a2",
    "data": [
      {
        "text": "can it spread via surfaces",
        "userDefined": false
      }
    ],
    "isTemplate": false,
    "count": 0,
    "updated": 0
  },
  {
    "id": "458e5d8a-567d-44ff-b78c-02927a63236f",
    "data": [
      {
        "text": "can it get spread via food",
        "userDefined": false
      }
    ],
    "isTemplate": false,
    "count": 0,
    "updated": 0
  },
  {
    "id": "4e8b7fd4-2731-4337-9b89-92720bed31bb",
    "data": [
      {
        "text": "can the virus be spread via toilets",
        "userDefined": false
      }
    ],
    "isTemplate": false,
    "count": 0,
    "updated": 0
  },
  {
    "id": "76896af2-b095-456d-ac0a-e68009bc345c",
    "data": [
      {
        "text": "How do I get COVID-19?",
        "userDefined": false
      }
    ],
    "isTemplate": false,
    "count": 0,
    "updated": 0
  },
  {
    "id": "4b886676-83b9-4fd3-940c-25d9afd4bad4",
    "data": [
      {
        "text": "How do I get covid?",
        "userDefined": false
      }
    ],
    "isTemplate": false,
    "count": 0,
    "updated": 0
  },
  {
    "id": "f2e41812-87ef-4dc6-8845-27b1622f8b66",
    "data": [
      {
        "text": "how do I get ",
        "userDefined": false
      },
      {
        "text": "corona",
        "alias": "covid-19",
        "meta": "@covid-19",
        "userDefined": false
      }
    ],
    "isTemplate": false,
    "count": 0,
    "updated": 0
  },
  {
    "id": "9d1cc187-3763-4456-bcb4-4e8aaf088230",
    "data": [
      {
        "text": "Is it contagious?",
        "userDefined": false
      }
    ],
    "isTemplate": false,
    "count": 0,
    "updated": 0
  },
  {
    "id": "a53e6d68-843f-487e-a7c0-d9a6bda0f5eb",
    "data": [
      {
        "text": "Is COVID-",
        "userDefined": false
      },
      {
        "text": "19",
        "alias": "number",
        "meta": "@sys.number",
        "userDefined": false
      },
      {
        "text": " contagious?",
        "userDefined": false
      }
    ],
    "isTemplate": false,
    "count": 0,
    "updated": 0
  },
  {
    "id": "6ce9e1a8-869c-4c9a-91be-f8500a31f4cc",
    "data": [
      {
        "text": "how do i catch",
        "userDefined": false
      }
    ],
    "isTemplate": false,
    "count": 0,
    "updated": 0
  },
  {
    "id": "a9d74f5e-69aa-416b-8489-725286822a1b",
    "data": [
      {
        "text": "how do i catch covid-19",
        "userDefined": false
      }
    ],
    "isTemplate": false,
    "count": 0,
    "updated": 0
  },
  {
    "id": "5215a795-8b22-4825-94ed-95e5028d0e98",
    "data": [
      {
        "text": "What are all the different ways that the virus can be spread to other people?",
        "userDefined": false
      }
    ],
    "isTemplate": false,
    "count": 0,
    "updated": 0
  },
  {
    "id": "204b60a5-2eb5-474b-ab34-d5be1f0daf99",
    "data": [
      {
        "text": "How does the virus spread?",
        "userDefined": false
      }
    ],
    "isTemplate": false,
    "count": 0,
    "updated": 0
  },
  {
    "id": "50e1d60f-bae0-4ccd-9e72-a6100d09b692",
    "data": [
      {
        "text": "How is COVID-19 transmitted?",
        "userDefined": false
      }
    ],
    "isTemplate": false,
    "count": 0,
    "updated": 0
  },
  {
    "id": "df3c006f-5f5d-4420-b7bb-73d0f0f6edb1",
    "data": [
      {
        "text": "how is it transmitted?",
        "userDefined": false
      }
    ],
    "isTemplate": false,
    "count": 0,
    "updated": 0
  },
  {
    "id": "1e208928-ce8d-40b7-bfff-1b1aadbc64df",
    "data": [
      {
        "text": "how is the virus transferred?",
        "userDefined": false
      }
    ],
    "isTemplate": false,
    "count": 0,
    "updated": 0
  },
  {
    "id": "c71daf73-9ef3-4b07-8065-45f253d5a3aa",
    "data": [
      {
        "text": "how do you get the virus?",
        "userDefined": false
      }
    ],
    "isTemplate": false,
    "count": 0,
    "updated": 0
  },
  {
    "id": "f0b7c582-0abc-4dc9-b32a-0fe90058f3db",
    "data": [
      {
        "text": "How do I catch covid-19?",
        "userDefined": false
      }
    ],
    "isTemplate": false,
    "count": 0,
    "updated": 0
  },
  {
    "id": "ae7aa774-b000-4b5f-a3c2-4a55d13cd51c",
    "data": [
      {
        "text": "how does the virus spread?",
        "userDefined": false
      }
    ],
    "isTemplate": false,
    "count": 1,
    "updated": 0
  },
  {
    "id": "50b51289-67c1-4898-8bba-7fe5b15b5123",
    "data": [
      {
        "text": "is it transmittable before symptoms?",
        "userDefined": false
      }
    ],
    "isTemplate": false,
    "count": 0,
    "updated": 0
  },
  {
    "id": "e69cce08-6724-4e33-8180-6080083e6bf7",
    "data": [
      {
        "text": "can someone infect before showing symptoms?",
        "userDefined": false
      }
    ],
    "isTemplate": false,
    "count": 0,
    "updated": 0
  },
  {
    "id": "4ad7c5a9-abbc-4430-a3a4-bb56b5ce1de5",
    "data": [
      {
        "text": "is it contagious before showing symptoms?",
        "userDefined": false
      }
    ],
    "isTemplate": false,
    "count": 0,
    "updated": 0
  },
  {
    "id": "f223527f-22f8-4cb9-93e5-46241fb91acf",
    "data": [
      {
        "text": "can the virus be spread through food?",
        "userDefined": false
      }
    ],
    "isTemplate": false,
    "count": 0,
    "updated": 0
  },
  {
    "id": "85fe00e5-1c98-4502-b1bf-94682d59c8aa",
    "data": [
      {
        "text": "How do people get the virus?",
        "userDefined": false
      }
    ],
    "isTemplate": false,
    "count": 1,
    "updated": 0
  },
  {
    "id": "949fec46-7ba7-4045-928c-34a5a5dcbde5",
    "data": [
      {
        "text": "How can I catch this?",
        "userDefined": false
      }
    ],
    "isTemplate": false,
    "count": 0,
    "updated": 0
  },
  {
    "id": "dc4403a5-0c75-4ff9-8597-bb5fc5c66620",
    "data": [
      {
        "text": "how do people get the virus?",
        "userDefined": false
      }
    ],
    "isTemplate": false,
    "count": 1,
    "updated": 0
  },
  {
    "id": "128dfb6d-8fe1-49c5-a927-5320fb1ab3a0",
    "data": [
      {
        "text": "how does it spread",
        "userDefined": false
      }
    ],
    "isTemplate": false,
    "count": 0,
    "updated": 0
  },
  {
    "id": "5ce62879-14cf-4695-bf81-3babe9fd7ffd",
    "data": [
      {
        "text": "how can i contract it?",
        "userDefined": false
      }
    ],
    "isTemplate": false,
    "count": 0,
    "updated": 0
  },
  {
    "id": "69d11894-1145-44c4-901e-bef609b9d741",
    "data": [
      {
        "text": "How is the virus transmitted?",
        "userDefined": false
      }
    ],
    "isTemplate": false,
    "count": 1,
    "updated": 0
  },
  {
    "id": "3bab50a7-0be3-4b8a-8947-d1ea506ad520",
    "data": [
      {
        "text": "how does the virus transmit?",
        "userDefined": false
      }
    ],
    "isTemplate": false,
    "count": 0,
    "updated": 0
  },
  {
    "id": "ad9ebb12-de68-4be1-b29d-b57ddab029dd",
    "data": [
      {
        "text": "what do we know about the virus spread?",
        "userDefined": false
      }
    ],
    "isTemplate": false,
    "count": 0,
    "updated": 0
  },
  {
    "id": "c8d08bea-b38c-468f-9a5a-6077ff89f1e0",
    "data": [
      {
        "text": "the spread of ",
        "userDefined": false
      },
      {
        "text": "coronavirus",
        "alias": "covid-19",
        "meta": "@covid-19",
        "userDefined": false
      }
    ],
    "isTemplate": false,
    "count": 0,
    "updated": 0
  },
  {
    "id": "fc1d84de-45ce-4a83-99a3-3b695ee0d4ae",
    "data": [
      {
        "text": "viral spread",
        "userDefined": false
      }
    ],
    "isTemplate": false,
    "count": 0,
    "updated": 0
  },
  {
    "id": "540a7254-fe86-4efb-bf68-14c69f728b79",
    "data": [
      {
        "text": "why is covid-19 considered a community spread?",
        "userDefined": false
      }
    ],
    "isTemplate": false,
    "count": 0,
    "updated": 0
  },
  {
    "id": "f2b09958-f4b5-465f-8fda-0a16b2a05d23",
    "data": [
      {
        "text": "what does community spread mean?",
        "userDefined": false
      }
    ],
    "isTemplate": false,
    "count": 0,
    "updated": 0
  },
  {
    "id": "52ff8f0c-e841-4e14-a41d-da8ecdc1d5e3",
    "data": [
      {
        "text": "covid-19 spread",
        "userDefined": false
      }
    ],
    "isTemplate": false,
    "count": 0,
    "updated": 0
  },
  {
    "id": "663ca517-0af5-473e-8ce3-10033e547c00",
    "data": [
      {
        "text": "How the new ",
        "userDefined": false
      },
      {
        "text": "coronavirus",
        "alias": "covid-19",
        "meta": "@covid-19",
        "userDefined": false
      },
      {
        "text": " spread?",
        "userDefined": false
      }
    ],
    "isTemplate": false,
    "count": 0,
    "updated": 0
  },
  {
    "id": "4ffc9e62-a74b-41c0-b277-e9c43e625950",
    "data": [
      {
        "text": "What is community spread?",
        "userDefined": false
      }
    ],
    "isTemplate": false,
    "count": 0,
    "updated": 0
  },
  {
    "id": "9761eb15-a85d-4ef5-b39f-d0ea6326b380",
    "data": [
      {
        "text": "How is ",
        "userDefined": false
      },
      {
        "text": "coronavirus",
        "alias": "covid-19",
        "meta": "@covid-19",
        "userDefined": false
      },
      {
        "text": " spread?",
        "userDefined": false
      }
    ],
    "isTemplate": false,
    "count": 0,
    "updated": 0
  }
]