[
  {
    "id": "ebca4f76-e325-497e-9487-5d1f487de0e3",
    "data": [
      {
        "text": "Do I need to stay at home?",
        "userDefined": false
      }
    ],
    "isTemplate": false,
    "count": 0,
    "updated": 0
  },
  {
    "id": "5eefe501-207a-46d3-be68-e1894fddeb7b",
    "data": [
      {
        "text": "Should I work from home?",
        "userDefined": false
      }
    ],
    "isTemplate": false,
    "count": 0,
    "updated": 0
  },
  {
    "id": "79fc062f-c425-4b4b-b8ab-8027b4fe34e6",
    "data": [
      {
        "text": "How long do I have to stay isolated?",
        "userDefined": false
      }
    ],
    "isTemplate": false,
    "count": 0,
    "updated": 0
  },
  {
    "id": "d19e3c72-801a-4cb0-8d88-fe8e741f0c51",
    "data": [
      {
        "text": "how long do I need to stay at home",
        "userDefined": false
      }
    ],
    "isTemplate": false,
    "count": 0,
    "updated": 0
  },
  {
    "id": "4df57f2e-6a52-4045-b7fc-280d6c71e974",
    "data": [
      {
        "text": "how long should I stay at home",
        "userDefined": false
      }
    ],
    "isTemplate": false,
    "count": 0,
    "updated": 0
  },
  {
    "id": "1658fbc4-48d6-450c-b2c2-f50a81828390",
    "data": [
      {
        "text": "What is shelter in place?",
        "userDefined": false
      }
    ],
    "isTemplate": false,
    "count": 0,
    "updated": 0
  },
  {
    "id": "818dff3c-cfb2-41f1-bd12-d153eb7f65db",
    "data": [
      {
        "text": "when should I stay at home",
        "userDefined": false
      }
    ],
    "isTemplate": false,
    "count": 0,
    "updated": 0
  },
  {
    "id": "2eaab2ae-5d25-4532-a2dc-4b394a35274f",
    "data": [
      {
        "text": "f I get sick how long to I need to be incubated",
        "userDefined": false
      }
    ],
    "isTemplate": false,
    "count": 0,
    "updated": 0
  },
  {
    "id": "d15d6db3-9045-4b32-aa91-a557d8668ccc",
    "data": [
      {
        "text": "Are we required to stay in place?",
        "userDefined": false
      }
    ],
    "isTemplate": false,
    "count": 0,
    "updated": 0
  },
  {
    "id": "d55eb5c0-1a66-4e2e-88e3-c0aefe29a4e8",
    "data": [
      {
        "text": "should I stay home or go outside",
        "userDefined": false
      }
    ],
    "isTemplate": false,
    "count": 1,
    "updated": 0
  },
  {
    "id": "d1fb780a-c6c0-411f-8c01-384cd25bb7f9",
    "data": [
      {
        "text": "where are we required to shelter in place\"",
        "userDefined": false
      }
    ],
    "isTemplate": false,
    "count": 0,
    "updated": 0
  },
  {
    "id": "2e38ec20-c504-47d8-9aba-674fd6b64ea2",
    "data": [
      {
        "text": "what is shelter in place?",
        "userDefined": false
      }
    ],
    "isTemplate": false,
    "count": 0,
    "updated": 0
  },
  {
    "id": "f15150be-54e4-4e8a-8d50-b51c13641b41",
    "data": [
      {
        "text": "how long will this quarantine last for?",
        "userDefined": false
      }
    ],
    "isTemplate": false,
    "count": 0,
    "updated": 0
  },
  {
    "id": "718b343a-9d28-4332-a1f1-20e1525cc6d5",
    "data": [
      {
        "text": "where are we required to shelter in place",
        "userDefined": false
      }
    ],
    "isTemplate": false,
    "count": 0,
    "updated": 0
  },
  {
    "id": "1e67e771-d06c-4cc8-a556-ed053b815ee4",
    "data": [
      {
        "text": "why are we required to have shelter in place?",
        "userDefined": false
      }
    ],
    "isTemplate": false,
    "count": 0,
    "updated": 0
  },
  {
    "id": "1948eeaf-7c6d-4b0a-940c-02894b6c8b1c",
    "data": [
      {
        "text": "how long do i need to sit in quarantaine?",
        "userDefined": false
      }
    ],
    "isTemplate": false,
    "count": 0,
    "updated": 0
  },
  {
    "id": "3155c715-974f-448e-a3d1-011e48949045",
    "data": [
      {
        "text": "How long do I need to stay away from other people",
        "userDefined": false
      }
    ],
    "isTemplate": false,
    "count": 0,
    "updated": 0
  },
  {
    "id": "2c8e1579-058c-4456-ad27-9c8bae580e4f",
    "data": [
      {
        "text": "can I go outside if I\u0027m infected?",
        "userDefined": false
      }
    ],
    "isTemplate": false,
    "count": 0,
    "updated": 0
  },
  {
    "id": "14562ffc-77b3-4216-a950-9d07c60e35fa",
    "data": [
      {
        "text": "Can I leave my house?",
        "userDefined": false
      }
    ],
    "isTemplate": false,
    "count": 1,
    "updated": 0
  },
  {
    "id": "7426fae7-5298-4435-bc35-f39d022c8e42",
    "data": [
      {
        "text": "Who should stay shelter in place?",
        "userDefined": false
      }
    ],
    "isTemplate": false,
    "count": 0,
    "updated": 0
  },
  {
    "id": "b86966e7-6c56-4c6c-9e14-7bb932965119",
    "data": [
      {
        "text": "how many days should someone with symptoms stay inside",
        "userDefined": false
      }
    ],
    "isTemplate": false,
    "count": 1,
    "updated": 0
  },
  {
    "id": "a82e99d6-d1f5-45e2-b196-af5338427651",
    "data": [
      {
        "text": "if I get sick how long to I need to be incubated",
        "userDefined": false
      }
    ],
    "isTemplate": false,
    "count": 0,
    "updated": 0
  },
  {
    "id": "2021ba00-8c28-421c-8702-c3564c8cd97b",
    "data": [
      {
        "text": "how long to I need to stay at home",
        "userDefined": false
      }
    ],
    "isTemplate": false,
    "count": 0,
    "updated": 0
  },
  {
    "id": "16723ff0-a81f-43a9-ad7d-ea733ce26ad8",
    "data": [
      {
        "text": "do I need to quarantine myself if I am sick",
        "userDefined": false
      }
    ],
    "isTemplate": false,
    "count": 0,
    "updated": 0
  },
  {
    "id": "d62c538c-02f3-4052-bc2f-843df6f1f3be",
    "data": [
      {
        "text": "How long do I quarantine?",
        "userDefined": false
      }
    ],
    "isTemplate": false,
    "count": 0,
    "updated": 0
  },
  {
    "id": "ca2364b5-b9ee-47bb-9e76-e70c6f9b3c6e",
    "data": [
      {
        "text": "How long do I need to stay away from other people?",
        "userDefined": false
      }
    ],
    "isTemplate": false,
    "count": 0,
    "updated": 0
  },
  {
    "id": "12fdd4ea-9729-4d0c-ac5a-39e037343d34",
    "data": [
      {
        "text": "Do I have to self quarantine? It\u0027s time I fly.",
        "userDefined": false
      }
    ],
    "isTemplate": false,
    "count": 0,
    "updated": 0
  },
  {
    "id": "2d0dbb11-5d63-4fe6-bc28-8ef57d3c2b3b",
    "data": [
      {
        "text": "How long should I stay quarantined?",
        "userDefined": false
      }
    ],
    "isTemplate": false,
    "count": 1,
    "updated": 0
  },
  {
    "id": "81f4440b-75e2-4a29-af68-b879bb5f32ef",
    "data": [
      {
        "text": "Should I quarantine myself?",
        "userDefined": false
      }
    ],
    "isTemplate": false,
    "count": 1,
    "updated": 0
  },
  {
    "id": "e8f4aa89-7ccc-4551-9c3e-a65d6514b467",
    "data": [
      {
        "text": "should I stay at home?",
        "userDefined": false
      }
    ],
    "isTemplate": false,
    "count": 0,
    "updated": 0
  }
]