[
  {
    "id": "3a092185-9f2c-4987-af23-33204d0d4105",
    "data": [
      {
        "text": "What are the latest news on covid in SF?",
        "userDefined": false
      }
    ],
    "isTemplate": false,
    "count": 0,
    "updated": 0
  },
  {
    "id": "7ca8bef5-dcce-41d3-8df7-54e7149644a8",
    "data": [
      {
        "text": "Can you give me the latest update?",
        "userDefined": false
      }
    ],
    "isTemplate": false,
    "count": 1,
    "updated": 0
  },
  {
    "id": "0ff42470-a7fd-48a8-ad40-44959b88335d",
    "data": [
      {
        "text": "where can i learn more about covid-19?",
        "userDefined": false
      }
    ],
    "isTemplate": false,
    "count": 0,
    "updated": 0
  },
  {
    "id": "e67cb642-ebbe-4803-9af6-aa07e05461ed",
    "data": [
      {
        "text": "more information on ",
        "userDefined": false
      },
      {
        "text": "coronavirus",
        "alias": "covid-19",
        "meta": "@covid-19",
        "userDefined": false
      }
    ],
    "isTemplate": false,
    "count": 0,
    "updated": 0
  },
  {
    "id": "e368243c-63bc-4e25-a330-f2906be3ef9a",
    "data": [
      {
        "text": "I want to learn more about covid-19",
        "userDefined": false
      }
    ],
    "isTemplate": false,
    "count": 0,
    "updated": 0
  },
  {
    "id": "9425ae73-7736-4e8b-8c55-95128eb23c9a",
    "data": [
      {
        "text": "Yes me an latest update.",
        "userDefined": false
      }
    ],
    "isTemplate": false,
    "count": 0,
    "updated": 0
  },
  {
    "id": "be10a5bc-c247-489e-a18b-40f5df5123e2",
    "data": [
      {
        "text": "I want to see the latest news about the virus where can I find that",
        "userDefined": false
      }
    ],
    "isTemplate": false,
    "count": 1,
    "updated": 0
  },
  {
    "id": "dd5ad5b9-65ea-4154-a9aa-08357e06633a",
    "data": [
      {
        "text": "I want to find the latest update about the virus",
        "userDefined": false
      }
    ],
    "isTemplate": false,
    "count": 1,
    "updated": 0
  },
  {
    "id": "fdf5a0a4-ff47-4a4b-b3fb-87a7abdae29f",
    "data": [
      {
        "text": "can you give me ",
        "userDefined": false
      },
      {
        "text": "coronavirus",
        "alias": "covid-19",
        "meta": "@covid-19",
        "userDefined": false
      },
      {
        "text": " info",
        "userDefined": false
      }
    ],
    "isTemplate": false,
    "count": 0,
    "updated": 0
  },
  {
    "id": "254ac884-3e93-4fb1-a9ff-fe56c61c1e1a",
    "data": [
      {
        "text": "what is the latest ",
        "userDefined": false
      },
      {
        "text": "corona",
        "alias": "covid-19",
        "meta": "@covid-19",
        "userDefined": false
      },
      {
        "text": " update",
        "userDefined": false
      }
    ],
    "isTemplate": false,
    "count": 0,
    "updated": 0
  },
  {
    "id": "785cad80-d91a-4901-ac51-94a194dea35a",
    "data": [
      {
        "text": "I need more news about the virus where can I find that",
        "userDefined": false
      }
    ],
    "isTemplate": false,
    "count": 0,
    "updated": 0
  },
  {
    "id": "340dccfd-2a64-456f-b1e3-0b8327765fef",
    "data": [
      {
        "text": "Where can I find more information about the virus",
        "userDefined": false
      }
    ],
    "isTemplate": false,
    "count": 0,
    "updated": 0
  },
  {
    "id": "33e4430a-b8f3-4d30-9719-9cf1aeb60828",
    "data": [
      {
        "text": "Which site has updated information on the coronavirus",
        "userDefined": false
      }
    ],
    "isTemplate": false,
    "count": 0,
    "updated": 0
  },
  {
    "id": "8dd562a3-d60e-4f55-b0d9-a2e0225d8aed",
    "data": [
      {
        "text": "get info on covid 19",
        "userDefined": false
      }
    ],
    "isTemplate": false,
    "count": 0,
    "updated": 0
  },
  {
    "id": "cdffa976-7fed-46cd-9b01-7c2debb23746",
    "data": [
      {
        "text": "what\u0027s the latest news",
        "userDefined": false
      }
    ],
    "isTemplate": false,
    "count": 0,
    "updated": 0
  },
  {
    "id": "f2aa7933-839f-427c-8e83-25f0931b942f",
    "data": [
      {
        "text": "What about the latest updates? Can you give me the latest updates?",
        "userDefined": false
      }
    ],
    "isTemplate": false,
    "count": 0,
    "updated": 0
  },
  {
    "id": "b7684168-4d76-4d08-a241-7952627aadc4",
    "data": [
      {
        "text": "How can I get the latest updates?",
        "userDefined": false
      }
    ],
    "isTemplate": false,
    "count": 0,
    "updated": 0
  },
  {
    "id": "25884db2-263c-4536-a719-d18ff97d5b11",
    "data": [
      {
        "text": "What\u0027s new",
        "userDefined": false
      }
    ],
    "isTemplate": false,
    "count": 0,
    "updated": 0
  },
  {
    "id": "ce572ae3-c486-4876-88eb-c6821f432dab",
    "data": [
      {
        "text": "what is the latest news?",
        "userDefined": false
      }
    ],
    "isTemplate": false,
    "count": 1,
    "updated": 0
  },
  {
    "id": "8d98114b-36e3-4012-950f-33ccf7b7fd42",
    "data": [
      {
        "text": "what is the update for ",
        "userDefined": false
      },
      {
        "text": "Alameda",
        "alias": "geo-city",
        "meta": "@sys.geo-city",
        "userDefined": true
      }
    ],
    "isTemplate": false,
    "count": 0,
    "updated": 0
  },
  {
    "id": "079fad4b-b98e-4e5b-9b50-c43d7c8a4cd3",
    "data": [
      {
        "text": "what is the ",
        "userDefined": false
      },
      {
        "text": "coronavirus",
        "alias": "covid-19",
        "meta": "@covid-19",
        "userDefined": false
      },
      {
        "text": " update in ",
        "userDefined": false
      },
      {
        "text": "San Francisco",
        "alias": "geo-city",
        "meta": "@sys.geo-city",
        "userDefined": true
      },
      {
        "text": "?",
        "userDefined": false
      }
    ],
    "isTemplate": false,
    "count": 0,
    "updated": 0
  },
  {
    "id": "963e852a-15b8-4aeb-9307-561f4c7d2ddb",
    "data": [
      {
        "text": "what is the ",
        "userDefined": false
      },
      {
        "text": "coronavirus",
        "alias": "covid-19",
        "meta": "@covid-19",
        "userDefined": false
      },
      {
        "text": " update for east bay?",
        "userDefined": false
      }
    ],
    "isTemplate": false,
    "count": 0,
    "updated": 0
  },
  {
    "id": "e0125dad-22fa-4fbd-abd1-658016eba76b",
    "data": [
      {
        "text": "latest news on the global pandemic",
        "userDefined": false
      }
    ],
    "isTemplate": false,
    "count": 0,
    "updated": 0
  },
  {
    "id": "c18b0162-abba-466e-aafb-f7301c8f8aae",
    "data": [
      {
        "text": "How is ",
        "userDefined": false
      },
      {
        "text": "China",
        "alias": "geo-country",
        "meta": "@sys.geo-country",
        "userDefined": true
      },
      {
        "text": " doing on ",
        "userDefined": false
      },
      {
        "text": "coronavirus",
        "alias": "covid-19",
        "meta": "@covid-19",
        "userDefined": false
      },
      {
        "text": " now?",
        "userDefined": false
      }
    ],
    "isTemplate": false,
    "count": 0,
    "updated": 0
  },
  {
    "id": "852d7ec3-01a1-4111-b27e-81ae4a2f6f5b",
    "data": [
      {
        "text": "what\u0027s the situation in the ",
        "userDefined": false
      },
      {
        "text": "US",
        "alias": "geo-country",
        "meta": "@sys.geo-country",
        "userDefined": true
      },
      {
        "text": " right now?",
        "userDefined": false
      }
    ],
    "isTemplate": false,
    "count": 0,
    "updated": 0
  },
  {
    "id": "ea0a5475-911b-4e72-abbf-a64bed16fbac",
    "data": [
      {
        "text": "what\u0027s the latest news on ",
        "userDefined": false
      },
      {
        "text": "coronavirus",
        "alias": "covid-19",
        "meta": "@covid-19",
        "userDefined": false
      }
    ],
    "isTemplate": false,
    "count": 0,
    "updated": 0
  },
  {
    "id": "612e9aa7-af8a-4d44-8ebd-267699adba43",
    "data": [
      {
        "text": "tell me live udpates",
        "userDefined": false
      }
    ],
    "isTemplate": false,
    "count": 0,
    "updated": 0
  },
  {
    "id": "b4ccb803-f231-4425-af2b-9b886aba7783",
    "data": [
      {
        "text": "latest information on ",
        "userDefined": false
      },
      {
        "text": "coronavirus",
        "alias": "covid-19",
        "meta": "@covid-19",
        "userDefined": false
      }
    ],
    "isTemplate": false,
    "count": 0,
    "updated": 0
  },
  {
    "id": "ad1159cd-37a1-4439-b6dc-efb4ae905823",
    "data": [
      {
        "text": "I want to know the updates on covid 19",
        "userDefined": false
      }
    ],
    "isTemplate": false,
    "count": 0,
    "updated": 0
  },
  {
    "id": "af632d6d-7357-4e1c-88da-780a4eac3d04",
    "data": [
      {
        "text": "play me latest news on ",
        "userDefined": false
      },
      {
        "text": "coronavirus",
        "alias": "covid-19",
        "meta": "@covid-19",
        "userDefined": false
      }
    ],
    "isTemplate": false,
    "count": 0,
    "updated": 0
  },
  {
    "id": "f55a37fd-c232-4a2f-9dcb-2e724113da7a",
    "data": [
      {
        "text": "give me an update on ",
        "userDefined": false
      },
      {
        "text": "conronavirus",
        "alias": "covid-19",
        "meta": "@covid-19",
        "userDefined": false
      }
    ],
    "isTemplate": false,
    "count": 0,
    "updated": 0
  }
]