[
  {
    "id": "a2906868-e889-4aa7-9e91-33c471528fa2",
    "data": [
      {
        "text": "Should I take antibiotics?",
        "userDefined": false
      }
    ],
    "isTemplate": false,
    "count": 0,
    "updated": 0
  },
  {
    "id": "d89fcdb7-2d51-4073-abdf-e1380f100a93",
    "data": [
      {
        "text": "Will antibiotics help with covid-19?",
        "userDefined": false
      }
    ],
    "isTemplate": false,
    "count": 0,
    "updated": 0
  },
  {
    "id": "532b53b9-56b1-47f5-9255-7c401ab1d4af",
    "data": [
      {
        "text": "How do you treat covid-19?",
        "userDefined": false
      }
    ],
    "isTemplate": false,
    "count": 0,
    "updated": 0
  },
  {
    "id": "f43b44fa-7460-4ad1-b5ab-24bbc838773b",
    "data": [
      {
        "text": "Is there a treatment yet?",
        "userDefined": false
      }
    ],
    "isTemplate": false,
    "count": 0,
    "updated": 0
  },
  {
    "id": "a1f89fa0-6119-4f90-84bb-3e576b1949f3",
    "data": [
      {
        "text": "What is the treatment for covid-19?",
        "userDefined": false
      }
    ],
    "isTemplate": false,
    "count": 0,
    "updated": 0
  },
  {
    "id": "b64b1875-b1bb-4332-920c-ca7e9ea4ecd3",
    "data": [
      {
        "text": "Are there any treatments available?",
        "userDefined": false
      }
    ],
    "isTemplate": false,
    "count": 0,
    "updated": 0
  },
  {
    "id": "66d0e937-a83a-45cf-915a-f9d7a762d1af",
    "data": [
      {
        "text": "treatments for ",
        "userDefined": false
      },
      {
        "text": "Corona",
        "alias": "covid-19",
        "meta": "@covid-19",
        "userDefined": false
      }
    ],
    "isTemplate": false,
    "count": 0,
    "updated": 0
  },
  {
    "id": "04a48545-ab5b-4e67-aaa7-12e9f9f85998",
    "data": [
      {
        "text": "what is the solution for covid?",
        "userDefined": false
      }
    ],
    "isTemplate": false,
    "count": 0,
    "updated": 0
  },
  {
    "id": "4fa20ed6-b3f8-41ee-9cff-c100edc34d36",
    "data": [
      {
        "text": "how can we remove covid?",
        "userDefined": false
      }
    ],
    "isTemplate": false,
    "count": 0,
    "updated": 0
  },
  {
    "id": "5ea158dc-7803-4ca1-9565-cc31711a4252",
    "data": [
      {
        "text": "what is the solution to coronavirus?",
        "userDefined": false
      }
    ],
    "isTemplate": false,
    "count": 0,
    "updated": 0
  },
  {
    "id": "52524ae6-f8b2-41bc-a2f5-ac53d61e74b2",
    "data": [
      {
        "text": "Is there a cure for ",
        "userDefined": false
      },
      {
        "text": "coronavirus",
        "alias": "covid-19",
        "meta": "@covid-19",
        "userDefined": false
      },
      {
        "text": "?",
        "userDefined": false
      }
    ],
    "isTemplate": false,
    "count": 0,
    "updated": 0
  },
  {
    "id": "c8549759-d850-422f-b272-03d481b10a3d",
    "data": [
      {
        "text": "is there any cure yet for the virus",
        "userDefined": false
      }
    ],
    "isTemplate": false,
    "count": 0,
    "updated": 0
  },
  {
    "id": "3e3239a2-dbda-4cf2-ab24-b73edebd71ef",
    "data": [
      {
        "text": "can you be treated for corona",
        "userDefined": false
      }
    ],
    "isTemplate": false,
    "count": 0,
    "updated": 0
  },
  {
    "id": "55e39ef9-7912-4bb1-91a7-fdd0a36969f1",
    "data": [
      {
        "text": "what medication should i take",
        "userDefined": false
      }
    ],
    "isTemplate": false,
    "count": 0,
    "updated": 0
  },
  {
    "id": "dc0ea88d-283b-496b-b1d5-522d3afd9bab",
    "data": [
      {
        "text": "Can I take medicine?",
        "userDefined": false
      }
    ],
    "isTemplate": false,
    "count": 0,
    "updated": 0
  },
  {
    "id": "d19c287a-389c-4531-bae0-4f865d338bf2",
    "data": [
      {
        "text": "what medicines help",
        "userDefined": false
      }
    ],
    "isTemplate": false,
    "count": 0,
    "updated": 0
  },
  {
    "id": "1a6dcf13-4d3b-4b1b-bb08-ef8e5b7722b2",
    "data": [
      {
        "text": "what remedies are available?",
        "userDefined": false
      }
    ],
    "isTemplate": false,
    "count": 0,
    "updated": 0
  },
  {
    "id": "2c2ea281-aafa-4b8f-bc29-7917dbd330ea",
    "data": [
      {
        "text": "is there a cure?",
        "userDefined": false
      }
    ],
    "isTemplate": false,
    "count": 0,
    "updated": 0
  },
  {
    "id": "d8358211-43f7-43ea-b6ff-51e4112438e1",
    "data": [
      {
        "text": "where can i get treated for covid 19",
        "userDefined": false
      }
    ],
    "isTemplate": false,
    "count": 0,
    "updated": 0
  },
  {
    "id": "c33e2737-6be1-4ccc-815c-aa439cbd2ae3",
    "data": [
      {
        "text": "what if I get sick with ",
        "userDefined": false
      },
      {
        "text": "coronovirus",
        "alias": "covid-19",
        "meta": "@covid-19",
        "userDefined": false
      }
    ],
    "isTemplate": false,
    "count": 0,
    "updated": 0
  },
  {
    "id": "88780c84-0a4d-4cfc-a83d-7dfa78067231",
    "data": [
      {
        "text": "what do I do if I have ",
        "userDefined": false
      },
      {
        "text": "corono virus",
        "alias": "covid-19",
        "meta": "@covid-19",
        "userDefined": false
      }
    ],
    "isTemplate": false,
    "count": 0,
    "updated": 0
  },
  {
    "id": "4d7f731e-63a4-4233-a3ad-2492aac7df38",
    "data": [
      {
        "text": "what do I do if I have ",
        "userDefined": false
      },
      {
        "text": "corona virus",
        "alias": "covid-19",
        "meta": "@covid-19",
        "userDefined": false
      }
    ],
    "isTemplate": false,
    "count": 0,
    "updated": 0
  },
  {
    "id": "4fa5082b-c735-4cce-bc4f-5814c75b5cf0",
    "data": [
      {
        "text": "what do I do if I have ",
        "userDefined": false
      },
      {
        "text": "coronovirus",
        "alias": "covid-19",
        "meta": "@covid-19",
        "userDefined": false
      }
    ],
    "isTemplate": false,
    "count": 0,
    "updated": 0
  },
  {
    "id": "24f13fa5-9d63-47b3-8210-804f45a0885b",
    "data": [
      {
        "text": "Is there a treatment?",
        "userDefined": false
      }
    ],
    "isTemplate": false,
    "count": 0,
    "updated": 0
  },
  {
    "id": "c8e6b309-bd50-4e85-adab-6926456fe203",
    "data": [
      {
        "text": "Is there an antidote yet?",
        "userDefined": false
      }
    ],
    "isTemplate": false,
    "count": 1,
    "updated": 0
  },
  {
    "id": "77a72b94-1f72-4571-9453-d1727a034ac7",
    "data": [
      {
        "text": "what treatments are available to treat ",
        "userDefined": false
      },
      {
        "text": "coronavirus",
        "alias": "covid-19",
        "meta": "@covid-19",
        "userDefined": false
      },
      {
        "text": "?",
        "userDefined": false
      }
    ],
    "isTemplate": false,
    "count": 0,
    "updated": 0
  },
  {
    "id": "261f6e12-85b9-4b04-9cd2-4ee2edb0f072",
    "data": [
      {
        "text": "is there an antiviral treatment for COVID-19?",
        "userDefined": false
      }
    ],
    "isTemplate": false,
    "count": 0,
    "updated": 0
  },
  {
    "id": "51286905-e2c3-4099-b4fc-f151ae2bdc2b",
    "data": [
      {
        "text": "are there any medicines or therapies that can cure ",
        "userDefined": false
      },
      {
        "text": "coronavirus",
        "alias": "covid-19",
        "meta": "@covid-19",
        "userDefined": false
      },
      {
        "text": "?",
        "userDefined": false
      }
    ],
    "isTemplate": false,
    "count": 0,
    "updated": 0
  },
  {
    "id": "09d126a3-7ab1-4164-ac6c-94d58618184c",
    "data": [
      {
        "text": "are antibiotics effective in preventing or treating the covid-19?",
        "userDefined": false
      }
    ],
    "isTemplate": false,
    "count": 0,
    "updated": 0
  },
  {
    "id": "edae9815-6b85-4864-aa6e-670f70f82000",
    "data": [
      {
        "text": "existing drugs in ",
        "userDefined": false
      },
      {
        "text": "coronavirus",
        "alias": "covid-19",
        "meta": "@covid-19",
        "userDefined": false
      },
      {
        "text": " fight",
        "userDefined": false
      }
    ],
    "isTemplate": false,
    "count": 0,
    "updated": 0
  },
  {
    "id": "6889d489-c768-448a-9b7f-0a65e26a80d8",
    "data": [
      {
        "text": "medical solutions to the coronavirus",
        "userDefined": false
      }
    ],
    "isTemplate": false,
    "count": 0,
    "updated": 0
  },
  {
    "id": "13408d6f-cc76-4899-b802-54f5f723125b",
    "data": [
      {
        "text": "does the US have effective treatment for ",
        "userDefined": false
      },
      {
        "text": "coronavirus",
        "alias": "covid-19",
        "meta": "@covid-19",
        "userDefined": false
      },
      {
        "text": "?",
        "userDefined": false
      }
    ],
    "isTemplate": false,
    "count": 0,
    "updated": 0
  },
  {
    "id": "f9356d40-a4bb-443a-b756-488c4513c4ad",
    "data": [
      {
        "text": "drugs to treat infection",
        "userDefined": false
      }
    ],
    "isTemplate": false,
    "count": 0,
    "updated": 0
  },
  {
    "id": "4dcf9038-6a90-45ba-ae06-8dce119ea0e4",
    "data": [
      {
        "text": "do we have drugs for treating this new disease?",
        "userDefined": false
      }
    ],
    "isTemplate": false,
    "count": 0,
    "updated": 0
  },
  {
    "id": "686f9b40-9c43-4bed-a86d-c8838fa911c1",
    "data": [
      {
        "text": "what\u0027s the most effective medicine to treat ",
        "userDefined": false
      },
      {
        "text": "coronavirus",
        "alias": "covid-19",
        "meta": "@covid-19",
        "userDefined": false
      },
      {
        "text": "?",
        "userDefined": false
      }
    ],
    "isTemplate": false,
    "count": 0,
    "updated": 0
  },
  {
    "id": "44425e4f-3b41-4f4c-8256-b5afa48ea802",
    "data": [
      {
        "text": "can we use antibiotics to treat ",
        "userDefined": false
      },
      {
        "text": "coronavirus",
        "alias": "covid-19",
        "meta": "@covid-19",
        "userDefined": false
      },
      {
        "text": "?",
        "userDefined": false
      }
    ],
    "isTemplate": false,
    "count": 0,
    "updated": 0
  },
  {
    "id": "a285a2e1-d4d5-4ffb-bf8b-37bb0f1f19f4",
    "data": [
      {
        "text": "can people be cured if they caught ",
        "userDefined": false
      },
      {
        "text": "coronavirus",
        "alias": "covid-19",
        "meta": "@covid-19",
        "userDefined": false
      },
      {
        "text": "?",
        "userDefined": false
      }
    ],
    "isTemplate": false,
    "count": 0,
    "updated": 0
  },
  {
    "id": "46f9e8d2-0c7e-4d64-addd-1b416aa8e4c4",
    "data": [
      {
        "text": "Is there a medicine to treat this virus?",
        "userDefined": false
      }
    ],
    "isTemplate": false,
    "count": 0,
    "updated": 0
  },
  {
    "id": "ca226582-edfa-4785-b561-b1516bbfb34e",
    "data": [
      {
        "text": "is there a cure for the new ",
        "userDefined": false
      },
      {
        "text": "coronavirus",
        "alias": "covid-19",
        "meta": "@covid-19",
        "userDefined": false
      },
      {
        "text": "?",
        "userDefined": false
      }
    ],
    "isTemplate": false,
    "count": 0,
    "updated": 0
  },
  {
    "id": "869288e9-142c-456e-8a54-09bacb47603f",
    "data": [
      {
        "text": "can ",
        "userDefined": false
      },
      {
        "text": "coronavirus",
        "alias": "covid-19",
        "meta": "@covid-19",
        "userDefined": false
      },
      {
        "text": " be treated?",
        "userDefined": false
      }
    ],
    "isTemplate": false,
    "count": 0,
    "updated": 0
  },
  {
    "id": "0b852e9e-5e9d-4bf1-b395-1d00eec92e7e",
    "data": [
      {
        "text": "do we have treatment for covid-19?",
        "userDefined": false
      }
    ],
    "isTemplate": false,
    "count": 0,
    "updated": 0
  },
  {
    "id": "87d8676c-1b31-4632-8bd2-3a05862cf33a",
    "data": [
      {
        "text": "Is there a treatment for ",
        "userDefined": false
      },
      {
        "text": "coronavirus",
        "alias": "covid-19",
        "meta": "@covid-19",
        "userDefined": false
      },
      {
        "text": "?",
        "userDefined": false
      }
    ],
    "isTemplate": false,
    "count": 0,
    "updated": 0
  }
]