[
  {
    "id": "e0006cc0-7d27-42ce-9ff7-f35e3e37cb73",
    "data": [
      {
        "text": "Well the warm weather stop the disease.",
        "userDefined": false
      }
    ],
    "isTemplate": false,
    "count": 0,
    "updated": 0
  },
  {
    "id": "7dc4ab16-fc14-4ec8-9963-16f44b5babef",
    "data": [
      {
        "text": "can the temperature have an effect on the virus spread",
        "userDefined": false
      }
    ],
    "isTemplate": false,
    "count": 0,
    "updated": 0
  },
  {
    "id": "7f8a256a-03bc-4f5c-9eb8-61ee4ad66754",
    "data": [
      {
        "text": "Will a warm weather start stop covid-19?",
        "userDefined": false
      }
    ],
    "isTemplate": false,
    "count": 0,
    "updated": 0
  },
  {
    "id": "2d899774-c026-459e-ad5b-e25487f31f4f",
    "data": [
      {
        "text": "will corona dissapear when it gets warmer outside",
        "userDefined": false
      }
    ],
    "isTemplate": false,
    "count": 0,
    "updated": 0
  },
  {
    "id": "f48ba4c0-1019-4ea5-aa27-34b1aa6bcec4",
    "data": [
      {
        "text": "Can weather change?",
        "userDefined": false
      }
    ],
    "isTemplate": false,
    "count": 0,
    "updated": 0
  },
  {
    "id": "434767f5-440b-459b-a333-a75163bf7902",
    "data": [
      {
        "text": "Will warm weather stop the outbreak?",
        "userDefined": false
      }
    ],
    "isTemplate": false,
    "count": 0,
    "updated": 0
  },
  {
    "id": "6b1c82b0-80a1-43b4-add0-b38d40789a29",
    "data": [
      {
        "text": "does weather have an impact on the virus",
        "userDefined": false
      }
    ],
    "isTemplate": false,
    "count": 2,
    "updated": 0
  },
  {
    "id": "00854f48-a793-43d7-811c-bd657445a916",
    "data": [
      {
        "text": "is it easier to spread if the climate is cold",
        "userDefined": false
      }
    ],
    "isTemplate": false,
    "count": 0,
    "updated": 0
  },
  {
    "id": "4b7bf43f-825a-46ac-8e57-d00d51b4fa08",
    "data": [
      {
        "text": "Does the weather have an impact on the virus?",
        "userDefined": false
      }
    ],
    "isTemplate": false,
    "count": 0,
    "updated": 0
  },
  {
    "id": "b43351b4-edfd-4519-8b3b-69f6922ac43f",
    "data": [
      {
        "text": "can hot weather prevent the virus to spread",
        "userDefined": false
      }
    ],
    "isTemplate": false,
    "count": 0,
    "updated": 0
  },
  {
    "id": "9783bddd-a08a-4883-b53a-985501accfca",
    "data": [
      {
        "text": "can weather stop the virus",
        "userDefined": false
      }
    ],
    "isTemplate": false,
    "count": 0,
    "updated": 0
  },
  {
    "id": "559b3906-05de-476e-8e3b-d550098af296",
    "data": [
      {
        "text": "Is covid-19 seasonal?",
        "userDefined": false
      }
    ],
    "isTemplate": false,
    "count": 0,
    "updated": 0
  },
  {
    "id": "2e9ce113-95ea-4655-bc85-59bb93649ab7",
    "data": [
      {
        "text": "Is covid-",
        "userDefined": false
      },
      {
        "text": "19",
        "meta": "@sys.ignore",
        "userDefined": false
      },
      {
        "text": " seasonal?",
        "userDefined": false
      }
    ],
    "isTemplate": false,
    "count": 0,
    "updated": 0
  },
  {
    "id": "3506dc8a-5b3e-4cf6-9189-fce5559912f0",
    "data": [
      {
        "text": "Is there a certain temperature in which the virus dies?",
        "userDefined": false
      }
    ],
    "isTemplate": false,
    "count": 0,
    "updated": 0
  },
  {
    "id": "0ec7413f-0f6a-4125-ba96-880e2de77f11",
    "data": [
      {
        "text": "does the virus die if you cool it or heat it up?",
        "userDefined": false
      }
    ],
    "isTemplate": false,
    "count": 0,
    "updated": 0
  },
  {
    "id": "cac3accf-2e54-4b99-9362-830b3d9de24a",
    "data": [
      {
        "text": "Will warm weather stop the outbreak of COVID-19?",
        "userDefined": false
      }
    ],
    "isTemplate": false,
    "count": 0,
    "updated": 0
  }
]