[
  {
    "id": "4f3a365b-98c9-4053-ab0f-8e3461f6c79d",
    "data": [
      {
        "text": "Where can I get a vaccine?",
        "userDefined": false
      }
    ],
    "isTemplate": false,
    "count": 0,
    "updated": 0
  },
  {
    "id": "3fb8cd9d-768f-4038-8117-dac5b7b840c0",
    "data": [
      {
        "text": "What about vaccines?",
        "userDefined": false
      }
    ],
    "isTemplate": false,
    "count": 0,
    "updated": 0
  },
  {
    "id": "08fa5298-549d-4f72-ab1e-0366453f1aef",
    "data": [
      {
        "text": "Can I get a vaccine?",
        "userDefined": false
      }
    ],
    "isTemplate": false,
    "count": 0,
    "updated": 0
  },
  {
    "id": "0d4c34cc-64a0-4a7d-b3a4-6c1b9fe27756",
    "data": [
      {
        "text": "I need a vaccine",
        "userDefined": false
      }
    ],
    "isTemplate": false,
    "count": 0,
    "updated": 0
  },
  {
    "id": "f02f1730-f051-47bf-a479-e5fdfd736076",
    "data": [
      {
        "text": "Vaccine",
        "userDefined": false
      }
    ],
    "isTemplate": false,
    "count": 0,
    "updated": 0
  },
  {
    "id": "f0bd995d-e69c-4163-a09f-169018083385",
    "data": [
      {
        "text": "Do we have a vaccine available?",
        "userDefined": false
      }
    ],
    "isTemplate": false,
    "count": 0,
    "updated": 0
  },
  {
    "id": "b1faacf2-4391-44e6-9e1e-3c23450061d5",
    "data": [
      {
        "text": "when will they start testing vaccine",
        "userDefined": false
      }
    ],
    "isTemplate": false,
    "count": 0,
    "updated": 0
  },
  {
    "id": "92fa2109-7fa7-40f0-a61d-2eb25dbea3d9",
    "data": [
      {
        "text": "Shall I get a pneumonia vaccine?",
        "userDefined": false
      }
    ],
    "isTemplate": false,
    "count": 1,
    "updated": 0
  },
  {
    "id": "96cb85de-25bf-4538-852b-7c414496d815",
    "data": [
      {
        "text": "is there a vaccine?",
        "userDefined": false
      }
    ],
    "isTemplate": false,
    "count": 0,
    "updated": 0
  },
  {
    "id": "4cc40f29-3ff4-4e3f-b4b1-e6c3b1ba6e53",
    "data": [
      {
        "text": "Shall i get a flu shot?",
        "userDefined": false
      }
    ],
    "isTemplate": false,
    "count": 0,
    "updated": 0
  },
  {
    "id": "1c723f05-e939-4b26-af76-9ede164dab47",
    "data": [
      {
        "text": "Is there a vaccine?",
        "userDefined": false
      }
    ],
    "isTemplate": false,
    "count": 0,
    "updated": 0
  },
  {
    "id": "37f2e93a-6e8d-45c5-8871-5e287029a332",
    "data": [
      {
        "text": "When can I expect a vaccine?",
        "userDefined": false
      }
    ],
    "isTemplate": false,
    "count": 0,
    "updated": 0
  },
  {
    "id": "06832b7b-d36d-47ff-8518-d921160af633",
    "data": [
      {
        "text": "Is there a vaccine yet?",
        "userDefined": false
      }
    ],
    "isTemplate": false,
    "count": 1,
    "updated": 0
  },
  {
    "id": "ce8c04e5-6480-47bc-b5f1-03e8f436f8c0",
    "data": [
      {
        "text": "how far away is a ",
        "userDefined": false
      },
      {
        "text": "coronavirus",
        "alias": "covid-19",
        "meta": "@covid-19",
        "userDefined": false
      },
      {
        "text": " vaccine?",
        "userDefined": false
      }
    ],
    "isTemplate": false,
    "count": 0,
    "updated": 0
  },
  {
    "id": "29a44465-a5d0-40ca-be64-dbbda5f00c78",
    "data": [
      {
        "text": "Where are we in the quest for a ",
        "userDefined": false
      },
      {
        "text": "coronavirus",
        "alias": "covid-19",
        "meta": "@covid-19",
        "userDefined": false
      },
      {
        "text": " vaccine",
        "userDefined": false
      }
    ],
    "isTemplate": false,
    "count": 0,
    "updated": 0
  },
  {
    "id": "ec0c48e5-dbbb-4362-95a0-12a0ebaa5a18",
    "data": [
      {
        "text": "are we still waiting on the vaccine to be developed?",
        "userDefined": false
      }
    ],
    "isTemplate": false,
    "count": 0,
    "updated": 0
  },
  {
    "id": "f42be72f-3e95-413a-922c-f0b8bf01ac11",
    "data": [
      {
        "text": "When could be see a ",
        "userDefined": false
      },
      {
        "text": "coronavirus",
        "alias": "covid-19",
        "meta": "@covid-19",
        "userDefined": false
      },
      {
        "text": " vaccine?",
        "userDefined": false
      }
    ],
    "isTemplate": false,
    "count": 0,
    "updated": 0
  },
  {
    "id": "71ab48ea-e345-4bc6-a475-300eee3c0fdd",
    "data": [
      {
        "text": "Is it true that we have a vaccine already?",
        "userDefined": false
      }
    ],
    "isTemplate": false,
    "count": 0,
    "updated": 0
  },
  {
    "id": "a41facf8-7fd1-4dc8-baa3-66a3fc0b7d78",
    "data": [
      {
        "text": "Is a vaccine for the ",
        "userDefined": false
      },
      {
        "text": "coronavirus",
        "alias": "covid-19",
        "meta": "@covid-19",
        "userDefined": false
      },
      {
        "text": " coming?",
        "userDefined": false
      }
    ],
    "isTemplate": false,
    "count": 0,
    "updated": 0
  },
  {
    "id": "8e3dbdca-1a9c-42a6-8c3b-53190ac09273",
    "data": [
      {
        "text": "coronavirus",
        "alias": "covid-19",
        "meta": "@covid-19",
        "userDefined": false
      },
      {
        "text": " vaccine",
        "userDefined": false
      }
    ],
    "isTemplate": false,
    "count": 0,
    "updated": 0
  },
  {
    "id": "7d3631d6-a284-435c-8266-722ae4fe18f0",
    "data": [
      {
        "text": "Is a covid-19 vaccine coming soon?",
        "userDefined": false
      }
    ],
    "isTemplate": false,
    "count": 0,
    "updated": 0
  },
  {
    "id": "53c36da5-c863-4a10-85cf-78975fd58925",
    "data": [
      {
        "text": "How close are we to a vaccine?",
        "userDefined": false
      }
    ],
    "isTemplate": false,
    "count": 0,
    "updated": 0
  },
  {
    "id": "1d2ea679-275f-4358-a89e-76e4894424a7",
    "data": [
      {
        "text": "When will a ",
        "userDefined": false
      },
      {
        "text": "coronavirus",
        "alias": "covid-19",
        "meta": "@covid-19",
        "userDefined": false
      },
      {
        "text": " vaccine be ready?",
        "userDefined": false
      }
    ],
    "isTemplate": false,
    "count": 0,
    "updated": 0
  },
  {
    "id": "8df819fa-3aa7-45e8-a4f9-c4699dee4aa8",
    "data": [
      {
        "text": "Is there a vaccine available?",
        "userDefined": false
      }
    ],
    "isTemplate": false,
    "count": 0,
    "updated": 0
  },
  {
    "id": "9b322488-a8f6-4325-9dc5-798501743eb5",
    "data": [
      {
        "text": "Is there a vaccine for ",
        "userDefined": false
      },
      {
        "text": "coronavirus",
        "alias": "covid-19",
        "meta": "@covid-19",
        "userDefined": false
      },
      {
        "text": "?",
        "userDefined": false
      }
    ],
    "isTemplate": false,
    "count": 0,
    "updated": 0
  }
]