[
  {
    "id": "5426ffb4-7065-4d63-abc1-72af007e800e",
    "data": [
      {
        "text": "Is it safe to handle packages?",
        "userDefined": false
      }
    ],
    "isTemplate": false,
    "count": 1,
    "updated": 0
  },
  {
    "id": "0de4f57d-bcad-432d-bab2-70d8f02f1358",
    "data": [
      {
        "text": "What\u0027s the likelihood of me catching the disease from a package?",
        "userDefined": false
      }
    ],
    "isTemplate": false,
    "count": 0,
    "updated": 0
  },
  {
    "id": "628bacbe-8fd9-44a8-9241-bc9b8ac17504",
    "data": [
      {
        "text": "Is it still safe to receive packages?",
        "userDefined": false
      }
    ],
    "isTemplate": false,
    "count": 0,
    "updated": 0
  },
  {
    "id": "f87501a7-ecbf-4df4-8f60-d158378fa954",
    "data": [
      {
        "text": "I am receiving a parcel from over seas is it safe to open",
        "userDefined": false
      }
    ],
    "isTemplate": false,
    "count": 1,
    "updated": 0
  },
  {
    "id": "1fc9e550-4fc9-4cf9-837d-5a0ffd2dc5a0",
    "data": [
      {
        "text": "I am getting a shipment from china, can I open it",
        "userDefined": false
      }
    ],
    "isTemplate": false,
    "count": 0,
    "updated": 0
  },
  {
    "id": "2de53907-98e8-44e4-9d60-d4a9436742cb",
    "data": [
      {
        "text": "I\u0027m having something shipped from China if it safe to open it.",
        "userDefined": false
      }
    ],
    "isTemplate": false,
    "count": 0,
    "updated": 0
  },
  {
    "id": "26a78554-d87b-4b59-a0e1-4ac6043cff87",
    "data": [
      {
        "text": "I\u0027m going to receive a package from ",
        "userDefined": false
      },
      {
        "text": "China",
        "alias": "geo-country",
        "meta": "@sys.geo-country",
        "userDefined": false
      },
      {
        "text": ". Can I open it?",
        "userDefined": false
      }
    ],
    "isTemplate": false,
    "count": 0,
    "updated": 0
  },
  {
    "id": "eb3a33e2-b92a-4103-b28d-f6c9c0dd7b75",
    "data": [
      {
        "text": "What about things that are shipped from China?",
        "userDefined": false
      }
    ],
    "isTemplate": false,
    "count": 0,
    "updated": 0
  },
  {
    "id": "eae80217-b606-4699-92dc-1bd9b1a8a5f4",
    "data": [
      {
        "text": "can i touch amazon delivery packages?",
        "userDefined": false
      }
    ],
    "isTemplate": false,
    "count": 0,
    "updated": 0
  },
  {
    "id": "102ddae7-aa3d-45af-8fa6-540241c3aa44",
    "data": [
      {
        "text": "Can I get the virus bringing in a package delivery?",
        "userDefined": false
      }
    ],
    "isTemplate": false,
    "count": 0,
    "updated": 0
  },
  {
    "id": "b349e124-5718-44c0-ba4b-39c2f0f37daf",
    "data": [
      {
        "text": "what if I get a package from ",
        "userDefined": false
      },
      {
        "text": "china",
        "alias": "geo-country",
        "meta": "@sys.geo-country",
        "userDefined": false
      }
    ],
    "isTemplate": false,
    "count": 0,
    "updated": 0
  },
  {
    "id": "ad0e1a09-ecf5-4065-8068-920a9c03cb17",
    "data": [
      {
        "text": "can it spread from a package I got from ",
        "userDefined": false
      },
      {
        "text": "china",
        "alias": "geo-country",
        "meta": "@sys.geo-country",
        "userDefined": false
      }
    ],
    "isTemplate": false,
    "count": 0,
    "updated": 0
  },
  {
    "id": "4b11b81e-e089-42e1-86e8-32034c9bcaa5",
    "data": [
      {
        "text": "Is it safe to handle package from ",
        "userDefined": false
      },
      {
        "text": "China",
        "alias": "geo-country",
        "meta": "@sys.geo-country",
        "userDefined": false
      },
      {
        "text": "?",
        "userDefined": false
      }
    ],
    "isTemplate": false,
    "count": 0,
    "updated": 0
  },
  {
    "id": "9504aa77-9f04-4f12-8635-8d90e0739eb9",
    "data": [
      {
        "text": "Is it safe to receive a package from any area where COVID-19 has been reported?",
        "userDefined": false
      }
    ],
    "isTemplate": false,
    "count": 0,
    "updated": 0
  }
]