[
  {
    "id": "c6264974-b2f5-4580-bc7d-e09360a7f198",
    "data": [
      {
        "text": "Do I need to wear mask?",
        "userDefined": false
      }
    ],
    "isTemplate": false,
    "count": 0,
    "updated": 0
  },
  {
    "id": "4be344aa-cbcc-4cf8-8bc8-d6d1533c890b",
    "data": [
      {
        "text": "where to buy face masks ?",
        "userDefined": false
      }
    ],
    "isTemplate": false,
    "count": 0,
    "updated": 0
  },
  {
    "id": "16a8133c-de0d-4d41-a054-3f1a54c64b1b",
    "data": [
      {
        "text": "Hi, we can I get surgical mask.",
        "userDefined": false
      }
    ],
    "isTemplate": false,
    "count": 0,
    "updated": 0
  },
  {
    "id": "18887d3f-9f38-4b4c-b745-46e36f3fc9a4",
    "data": [
      {
        "text": "Do I need to wear a surgical mask?",
        "userDefined": false
      }
    ],
    "isTemplate": false,
    "count": 0,
    "updated": 0
  },
  {
    "id": "0b305d72-2d88-418b-85d0-2475572192f9",
    "data": [
      {
        "text": "should I wear a mask when I go out",
        "userDefined": false
      }
    ],
    "isTemplate": false,
    "count": 0,
    "updated": 0
  },
  {
    "id": "f8408873-22ac-4a0f-b4b0-2482b19ca0af",
    "data": [
      {
        "text": "does it help wearing a mask",
        "userDefined": false
      }
    ],
    "isTemplate": false,
    "count": 0,
    "updated": 0
  },
  {
    "id": "974f7956-8bf5-46cf-9b61-672978655bea",
    "data": [
      {
        "text": "Where can I get a mask?",
        "userDefined": false
      }
    ],
    "isTemplate": false,
    "count": 0,
    "updated": 0
  },
  {
    "id": "9d2e17b7-539c-4ec4-8b8c-b153746c020a",
    "data": [
      {
        "text": "where can I get masks",
        "userDefined": false
      }
    ],
    "isTemplate": false,
    "count": 0,
    "updated": 0
  },
  {
    "id": "f3b95cf0-af34-4738-844d-c8e91bd12e3f",
    "data": [
      {
        "text": "are masks effective at stopping the virus?",
        "userDefined": false
      }
    ],
    "isTemplate": false,
    "count": 0,
    "updated": 0
  },
  {
    "id": "154b80d3-4e8c-44c3-bf82-dcca3edd6e66",
    "data": [
      {
        "text": "does wearing a mask really help?",
        "userDefined": false
      }
    ],
    "isTemplate": false,
    "count": 0,
    "updated": 0
  },
  {
    "id": "d3dae5ab-e5db-4fc3-9d77-f75af90bedc7",
    "data": [
      {
        "text": "do face masks work for stopping covid-19?",
        "userDefined": false
      }
    ],
    "isTemplate": false,
    "count": 0,
    "updated": 0
  },
  {
    "id": "9a74941f-b903-4a35-a2c8-b772061435b1",
    "data": [
      {
        "text": "Is it true that face masks won\u0027t prevent coronavirus?",
        "userDefined": false
      }
    ],
    "isTemplate": false,
    "count": 0,
    "updated": 0
  },
  {
    "id": "b2aab1f1-8092-49cc-88ff-2d7388fd5e4c",
    "data": [
      {
        "text": "should I wear a face mask to protect against corona virus?",
        "userDefined": false
      }
    ],
    "isTemplate": false,
    "count": 0,
    "updated": 0
  },
  {
    "id": "09aa9509-147f-406e-a4e9-4c71a00df1d4",
    "data": [
      {
        "text": "can a face mask stop coronavirus?",
        "userDefined": false
      }
    ],
    "isTemplate": false,
    "count": 0,
    "updated": 0
  },
  {
    "id": "2129b3de-2830-464c-8712-e3fee58c9094",
    "data": [
      {
        "text": "can wearing a face mask protect me from the new conronavirus?",
        "userDefined": false
      }
    ],
    "isTemplate": false,
    "count": 0,
    "updated": 0
  },
  {
    "id": "f15027d6-1315-476e-9366-0e28ffce9271",
    "data": [
      {
        "text": "do I need to wear a mask in public?",
        "userDefined": false
      }
    ],
    "isTemplate": false,
    "count": 0,
    "updated": 0
  },
  {
    "id": "74bacd77-4190-4bd1-8cd7-ae3e618e9cd7",
    "data": [
      {
        "text": "should I wear a mask to protect myself?",
        "userDefined": false
      }
    ],
    "isTemplate": false,
    "count": 0,
    "updated": 0
  }
]