[
  {
    "id": "1c70617a-6458-4507-98a1-74759a015afa",
    "data": [
      {
        "text": "Can I go out yet",
        "userDefined": false
      }
    ],
    "isTemplate": false,
    "count": 0,
    "updated": 0
  },
  {
    "id": "dbb5904b-4825-4d7c-90af-2a565c9ebe15",
    "data": [
      {
        "text": "can i go out",
        "userDefined": false
      }
    ],
    "isTemplate": false,
    "count": 0,
    "updated": 0
  },
  {
    "id": "87168bd0-e5f7-44a7-b46c-54cb2fbf59e8",
    "data": [
      {
        "text": "What does shelter in place mean?",
        "userDefined": false
      }
    ],
    "isTemplate": false,
    "count": 0,
    "updated": 0
  },
  {
    "id": "1653d708-2a97-446c-814b-6ffa1de65725",
    "data": [
      {
        "text": "What is shelter in place?",
        "userDefined": false
      }
    ],
    "isTemplate": false,
    "count": 0,
    "updated": 0
  },
  {
    "id": "548512f9-5e55-4cdd-abbb-f6f9b88fa88c",
    "data": [
      {
        "text": "Can I still go to work?",
        "userDefined": false
      }
    ],
    "isTemplate": false,
    "count": 0,
    "updated": 0
  },
  {
    "id": "dde03f7c-fa24-4bf1-818e-40149a3bc211",
    "data": [
      {
        "text": "Can I still take a walk in ",
        "userDefined": false
      },
      {
        "text": "San Francisco",
        "alias": "geo-city",
        "meta": "@sys.geo-city",
        "userDefined": false
      },
      {
        "text": "?",
        "userDefined": false
      }
    ],
    "isTemplate": false,
    "count": 0,
    "updated": 0
  },
  {
    "id": "51abec43-ec2d-45ea-81c1-ce2eefd2fd71",
    "data": [
      {
        "text": "Can I still take a walk in the neighborhood?",
        "userDefined": false
      }
    ],
    "isTemplate": false,
    "count": 0,
    "updated": 0
  },
  {
    "id": "cff41fe7-9b00-4e9b-ac2a-5ded8c5da67a",
    "data": [
      {
        "text": "still jog",
        "userDefined": false
      }
    ],
    "isTemplate": false,
    "count": 0,
    "updated": 0
  },
  {
    "id": "a2de7594-262f-40f0-9371-2a3fbdc9a4e6",
    "data": [
      {
        "text": "Can I still go take a hike?",
        "userDefined": false
      }
    ],
    "isTemplate": false,
    "count": 0,
    "updated": 0
  },
  {
    "id": "b41d1359-f0e4-4455-8df6-d58cda5d12f7",
    "data": [
      {
        "text": "shelter in place",
        "userDefined": false
      }
    ],
    "isTemplate": false,
    "count": 0,
    "updated": 0
  },
  {
    "id": "51263ab5-c6ef-4d2b-bb92-3256fce4b074",
    "data": [
      {
        "text": "can I still go for hikes",
        "userDefined": false
      }
    ],
    "isTemplate": false,
    "count": 0,
    "updated": 0
  },
  {
    "id": "577c27c9-42aa-48c1-a68f-4d953cb36149",
    "data": [
      {
        "text": "can I still go to restaurants",
        "userDefined": false
      }
    ],
    "isTemplate": false,
    "count": 1,
    "updated": 0
  },
  {
    "id": "1c43d592-8eed-4989-b1e2-8b5cb178e676",
    "data": [
      {
        "text": "can I still go out",
        "userDefined": false
      }
    ],
    "isTemplate": false,
    "count": 1,
    "updated": 0
  },
  {
    "id": "67252b8c-f103-488f-8b90-b02b8f773c44",
    "data": [
      {
        "text": "can I still go outside",
        "userDefined": false
      }
    ],
    "isTemplate": false,
    "count": 1,
    "updated": 0
  },
  {
    "id": "df6f627f-a871-4d6e-be52-b100a9f3cdf0",
    "data": [
      {
        "text": "Can I take a hike in the woods?",
        "userDefined": false
      }
    ],
    "isTemplate": false,
    "count": 0,
    "updated": 0
  },
  {
    "id": "009ec544-17e3-40f4-b75c-4e80ce422558",
    "data": [
      {
        "text": "can I still do outside walks?",
        "userDefined": false
      }
    ],
    "isTemplate": false,
    "count": 0,
    "updated": 0
  },
  {
    "id": "943d13fb-ecf3-4a50-9a0d-495ed8fc6b65",
    "data": [
      {
        "text": "Am I allowed to go outside?",
        "userDefined": false
      }
    ],
    "isTemplate": false,
    "count": 0,
    "updated": 0
  },
  {
    "id": "ce633e63-c6df-48e5-9823-8176f794597b",
    "data": [
      {
        "text": "can I go to the gym",
        "userDefined": false
      }
    ],
    "isTemplate": false,
    "count": 0,
    "updated": 0
  },
  {
    "id": "ea3744c7-1e68-47d7-b48c-39569e6ae3e4",
    "data": [
      {
        "text": "should I workout",
        "userDefined": false
      }
    ],
    "isTemplate": false,
    "count": 0,
    "updated": 0
  },
  {
    "id": "8db6a963-9f15-44be-94df-c12eda6f434c",
    "data": [
      {
        "text": "Should I order take out?",
        "userDefined": false
      }
    ],
    "isTemplate": false,
    "count": 0,
    "updated": 0
  },
  {
    "id": "cb2005d0-9c28-4818-a383-5034f42ec251",
    "data": [
      {
        "text": "Should I order food for delivery?",
        "userDefined": false
      }
    ],
    "isTemplate": false,
    "count": 0,
    "updated": 0
  },
  {
    "id": "73b86c8e-4f33-4f46-9844-d035c6594800",
    "data": [
      {
        "text": "What has been cancelled?",
        "userDefined": false
      }
    ],
    "isTemplate": false,
    "count": 0,
    "updated": 0
  },
  {
    "id": "7e96c7a6-8885-4da1-8032-c52e0ac5b6a7",
    "data": [
      {
        "text": "should my ",
        "userDefined": false
      },
      {
        "text": "70 year old",
        "alias": "age",
        "meta": "@sys.age",
        "userDefined": false
      },
      {
        "text": " mother go out?",
        "userDefined": false
      }
    ],
    "isTemplate": false,
    "count": 0,
    "updated": 0
  },
  {
    "id": "2ecfb15b-d696-49bb-95fd-cfac29fbe528",
    "data": [
      {
        "text": "can I go grocery shopping",
        "userDefined": false
      }
    ],
    "isTemplate": false,
    "count": 0,
    "updated": 0
  },
  {
    "id": "d7ca4767-5ffe-4a23-a7f9-05e3218493cc",
    "data": [
      {
        "text": "can I still go out to do my grocery shopping",
        "userDefined": false
      }
    ],
    "isTemplate": false,
    "count": 0,
    "updated": 0
  },
  {
    "id": "36ecc959-3a5d-42b9-b59d-57c97f6bd052",
    "data": [
      {
        "text": "Is it safe to go to the coffee shop?",
        "userDefined": false
      }
    ],
    "isTemplate": false,
    "count": 0,
    "updated": 0
  },
  {
    "id": "1bee97f6-0d1f-4e1f-bf00-8e309e0424eb",
    "data": [
      {
        "text": "Are my kids safe to do the monkey bars at an outside playground?",
        "userDefined": false
      }
    ],
    "isTemplate": false,
    "count": 0,
    "updated": 0
  },
  {
    "id": "f6963115-9969-45f0-af20-90bd16da5ac8",
    "data": [
      {
        "text": "Is takeout pizza safe?",
        "userDefined": false
      }
    ],
    "isTemplate": false,
    "count": 0,
    "updated": 0
  },
  {
    "id": "2e4b17bd-227d-45b8-8d44-9345ed22f4a4",
    "data": [
      {
        "text": "Can I take my boat out fishing?",
        "userDefined": false
      }
    ],
    "isTemplate": false,
    "count": 0,
    "updated": 0
  },
  {
    "id": "1bb90ea4-2102-41cd-b2a6-ba9ebfe068bf",
    "data": [
      {
        "text": "can I cut my lawn?",
        "userDefined": false
      }
    ],
    "isTemplate": false,
    "count": 0,
    "updated": 0
  },
  {
    "id": "8937513a-7293-48bf-b116-56bf60863adc",
    "data": [
      {
        "text": "can I take my dog for a walk?",
        "userDefined": false
      }
    ],
    "isTemplate": false,
    "count": 0,
    "updated": 0
  },
  {
    "id": "c15675e1-c530-4e74-b3c4-4c435c5b39f7",
    "data": [
      {
        "text": "can I go to work if I feel sick",
        "userDefined": false
      }
    ],
    "isTemplate": false,
    "count": 0,
    "updated": 0
  },
  {
    "id": "2843ef2f-8881-4e36-a378-82f3b0add8be",
    "data": [
      {
        "text": "is it safe to go to new york now",
        "userDefined": false
      }
    ],
    "isTemplate": false,
    "count": 0,
    "updated": 0
  },
  {
    "id": "b21b576d-d634-4d16-9c40-e1e7b41ec783",
    "data": [
      {
        "text": "Can I visit with other people?",
        "userDefined": false
      }
    ],
    "isTemplate": false,
    "count": 1,
    "updated": 0
  },
  {
    "id": "e2bbcf91-01bb-4a49-abbe-010d2d51d9dc",
    "data": [
      {
        "text": "dangerous to go to a store?",
        "userDefined": false
      }
    ],
    "isTemplate": false,
    "count": 0,
    "updated": 0
  },
  {
    "id": "83225ee6-3241-45c1-bcc2-372e5f6b5e76",
    "data": [
      {
        "text": "is it safe to be outdoor",
        "userDefined": false
      }
    ],
    "isTemplate": false,
    "count": 0,
    "updated": 0
  },
  {
    "id": "6ee8fb2b-6ebe-4f49-9c2e-6d28cdd37795",
    "data": [
      {
        "text": "can I go ride my ",
        "userDefined": false
      },
      {
        "text": "bike",
        "alias": "outdoor_activities",
        "meta": "@outdoor_activities",
        "userDefined": false
      }
    ],
    "isTemplate": false,
    "count": 0,
    "updated": 0
  },
  {
    "id": "3adeddd8-c428-463d-afa9-c3d5c9036e10",
    "data": [
      {
        "text": "Can I ride my ",
        "userDefined": false
      },
      {
        "text": "bike",
        "alias": "outdoor_activities",
        "meta": "@outdoor_activities",
        "userDefined": false
      },
      {
        "text": " outside?",
        "userDefined": false
      }
    ],
    "isTemplate": false,
    "count": 0,
    "updated": 0
  },
  {
    "id": "5f8de682-add6-44e8-9bb4-23d3a698ebcd",
    "data": [
      {
        "text": "Shall I go to work?",
        "userDefined": false
      }
    ],
    "isTemplate": false,
    "count": 0,
    "updated": 0
  },
  {
    "id": "187d79cb-3489-4084-9d67-89cc21be2506",
    "data": [
      {
        "text": "Can I go to work if I feel sick?",
        "userDefined": false
      }
    ],
    "isTemplate": false,
    "count": 0,
    "updated": 0
  },
  {
    "id": "dfde74bd-757f-4934-aa8a-9ce836e6c00f",
    "data": [
      {
        "text": "Can I still go to ",
        "userDefined": false
      },
      {
        "text": "church",
        "alias": "outdoor_activities",
        "meta": "@outdoor_activities",
        "userDefined": true
      },
      {
        "text": "?",
        "userDefined": false
      }
    ],
    "isTemplate": false,
    "count": 0,
    "updated": 0
  },
  {
    "id": "c94daddb-6db7-4824-a0b7-201ac16d738a",
    "data": [
      {
        "text": "When am I safe to go in public?",
        "userDefined": false
      }
    ],
    "isTemplate": false,
    "count": 1,
    "updated": 0
  },
  {
    "id": "a0f78350-06a3-4a25-b37e-4c01adca0521",
    "data": [
      {
        "text": "Can I ride my ",
        "userDefined": false
      },
      {
        "text": "bike",
        "alias": "outdoor_activities",
        "meta": "@outdoor_activities",
        "userDefined": true
      },
      {
        "text": " in ",
        "userDefined": false
      },
      {
        "text": "san francisco",
        "alias": "geo-city",
        "meta": "@sys.geo-city",
        "userDefined": false
      },
      {
        "text": "?",
        "userDefined": false
      }
    ],
    "isTemplate": false,
    "count": 0,
    "updated": 0
  }
]