[
  {
    "id": "12227622-e64a-45a5-b056-11318039e33c",
    "data": [
      {
        "text": "Can I start the screener",
        "userDefined": false
      }
    ],
    "isTemplate": false,
    "count": 0,
    "updated": 0
  },
  {
    "id": "2582be0f-5377-4cea-96e7-407939d8d72c",
    "data": [
      {
        "text": "Do the screener",
        "userDefined": false
      }
    ],
    "isTemplate": false,
    "count": 0,
    "updated": 0
  },
  {
    "id": "299bcf12-3818-41ed-963e-5e906272f880",
    "data": [
      {
        "text": "I want to be screened",
        "userDefined": false
      }
    ],
    "isTemplate": false,
    "count": 0,
    "updated": 0
  },
  {
    "id": "1fd482bb-50e9-4e91-a4a1-967417092629",
    "data": [
      {
        "text": "Start screener",
        "userDefined": false
      }
    ],
    "isTemplate": false,
    "count": 0,
    "updated": 0
  },
  {
    "id": "387f5882-4474-41bf-92e5-9eda2e627476",
    "data": [
      {
        "text": "I want to do screening",
        "userDefined": false
      }
    ],
    "isTemplate": false,
    "count": 0,
    "updated": 0
  },
  {
    "id": "49d29e0a-60fd-4ead-beb1-5d352b386e52",
    "data": [
      {
        "text": "start screening",
        "userDefined": false
      }
    ],
    "isTemplate": false,
    "count": 0,
    "updated": 0
  },
  {
    "id": "15193aee-5686-4628-bf31-37761cdae75f",
    "data": [
      {
        "text": "Start Screening",
        "userDefined": false
      }
    ],
    "isTemplate": false,
    "count": 0,
    "updated": 0
  }
]