[
  {
    "id": "85084be5-f622-48c1-b517-1429ea3e9f69",
    "data": [
      {
        "text": "none of those",
        "userDefined": false
      }
    ],
    "isTemplate": false,
    "count": 0,
    "updated": 0
  },
  {
    "id": "94acb081-ebbb-4344-bb2e-c55b408ca4ae",
    "data": [
      {
        "text": "no i\u0027m good",
        "userDefined": false
      }
    ],
    "isTemplate": false,
    "count": 0,
    "updated": 0
  },
  {
    "id": "7324de09-58ad-4639-a4b2-2c8fdbef1060",
    "data": [
      {
        "text": "nope",
        "userDefined": false
      }
    ],
    "isTemplate": false,
    "count": 0,
    "updated": 0
  },
  {
    "id": "3651c854-e046-4b4a-8e6f-b61a4548dc7e",
    "data": [
      {
        "text": "no",
        "userDefined": false
      }
    ],
    "isTemplate": false,
    "count": 0,
    "updated": 0
  }
]