[
  {
    "id": "49c6a4f6-f946-4219-92a5-e9e49ec12991",
    "data": [
      {
        "text": "👍🏽",
        "userDefined": false
      }
    ],
    "isTemplate": false,
    "count": 0,
    "updated": 0
  },
  {
    "id": "cfef2c0d-ddbb-426f-b7ae-54b2bd96c687",
    "data": [
      {
        "text": "y",
        "meta": "@sys.ignore",
        "userDefined": false
      }
    ],
    "isTemplate": false,
    "count": 0,
    "updated": 0
  },
  {
    "id": "bed25d56-dff1-4960-888c-7aa5258e31fa",
    "data": [
      {
        "text": "yeah",
        "userDefined": false
      }
    ],
    "isTemplate": false,
    "count": 0,
    "updated": 0
  },
  {
    "id": "88552313-fdb5-4a22-bdcb-1ccb0892a78d",
    "data": [
      {
        "text": "let\u0027s do it",
        "userDefined": false
      }
    ],
    "isTemplate": false,
    "count": 0,
    "updated": 0
  },
  {
    "id": "beccc0cb-6c08-4754-81d3-abdf460b34f4",
    "data": [
      {
        "text": "okay",
        "userDefined": false
      }
    ],
    "isTemplate": false,
    "count": 0,
    "updated": 0
  },
  {
    "id": "ff7d2a29-af97-4c6d-a3e6-6c56f8c23096",
    "data": [
      {
        "text": "let\u0027s get started",
        "userDefined": false
      }
    ],
    "isTemplate": false,
    "count": 0,
    "updated": 0
  },
  {
    "id": "accf9e3a-3fef-4b8d-b9ff-89d192457762",
    "data": [
      {
        "text": "yup",
        "userDefined": false
      }
    ],
    "isTemplate": false,
    "count": 0,
    "updated": 0
  },
  {
    "id": "2f25d0ad-30fc-4ef2-a417-768c086fd374",
    "data": [
      {
        "text": "yes",
        "userDefined": false
      }
    ],
    "isTemplate": false,
    "count": 0,
    "updated": 0
  }
]