[
  {
    "id": "e58b60d0-7798-4d33-a6d2-deed142d4f4d",
    "data": [
      {
        "text": "I\u0027m not",
        "userDefined": false
      }
    ],
    "isTemplate": false,
    "count": 0,
    "updated": 0
  },
  {
    "id": "7f38c27c-dcaa-4aaa-a9dd-2f6a973ed59b",
    "data": [
      {
        "text": "no that\u0027s fine thank you",
        "userDefined": false
      }
    ],
    "isTemplate": false,
    "count": 0,
    "updated": 0
  },
  {
    "id": "4aed8510-d0cc-400b-9030-8eb74384aeb4",
    "data": [
      {
        "text": "not interested",
        "userDefined": false
      }
    ],
    "isTemplate": false,
    "count": 0,
    "updated": 0
  },
  {
    "id": "e26f1656-e36a-4205-a04e-420124862c5a",
    "data": [
      {
        "text": "not ",
        "userDefined": false
      },
      {
        "text": "today",
        "meta": "@sys.ignore",
        "userDefined": false
      }
    ],
    "isTemplate": false,
    "count": 0,
    "updated": 0
  },
  {
    "id": "09bed5d2-cede-492b-840d-e5b5722badae",
    "data": [
      {
        "text": "I don\u0027t want",
        "userDefined": false
      }
    ],
    "isTemplate": false,
    "count": 0,
    "updated": 0
  },
  {
    "id": "47e18ea9-93be-44a5-a6a9-fd1ed62be313",
    "data": [
      {
        "text": "I don\u0027t",
        "userDefined": false
      }
    ],
    "isTemplate": false,
    "count": 0,
    "updated": 0
  },
  {
    "id": "bd81573f-cd44-4f29-a0fe-7a555ec01202",
    "data": [
      {
        "text": "nah",
        "userDefined": false
      }
    ],
    "isTemplate": false,
    "count": 0,
    "updated": 0
  },
  {
    "id": "27299ed0-c9d8-4367-b948-21bcd7c7a149",
    "data": [
      {
        "text": "not really",
        "userDefined": false
      }
    ],
    "isTemplate": false,
    "count": 0,
    "updated": 0
  },
  {
    "id": "2df1db9e-7156-423b-8ea2-a1a47f6572bc",
    "data": [
      {
        "text": "no way no",
        "userDefined": false
      }
    ],
    "isTemplate": false,
    "count": 0,
    "updated": 0
  },
  {
    "id": "e8919e83-29c5-4620-8099-5ee17913c568",
    "data": [
      {
        "text": "never",
        "userDefined": false
      }
    ],
    "isTemplate": false,
    "count": 0,
    "updated": 0
  },
  {
    "id": "178fc8a7-47bc-434e-bd5e-1bf7e2b639c2",
    "data": [
      {
        "text": "no never",
        "userDefined": false
      }
    ],
    "isTemplate": false,
    "count": 0,
    "updated": 0
  },
  {
    "id": "3a900d23-3f82-475b-a759-acdc8c4dd48a",
    "data": [
      {
        "text": "not at all",
        "userDefined": false
      }
    ],
    "isTemplate": false,
    "count": 0,
    "updated": 0
  },
  {
    "id": "bcb2f7ea-e0c1-43e2-a5df-6e645048a788",
    "data": [
      {
        "text": "not",
        "userDefined": false
      }
    ],
    "isTemplate": false,
    "count": 0,
    "updated": 0
  },
  {
    "id": "dc4ec2d1-6c58-4968-8853-3b98321311c9",
    "data": [
      {
        "text": "nothing else",
        "userDefined": false
      }
    ],
    "isTemplate": false,
    "count": 0,
    "updated": 0
  },
  {
    "id": "35627de6-7dca-4a7b-86f3-dd09fb54d1af",
    "data": [
      {
        "text": "I don\u0027t want that",
        "userDefined": false
      }
    ],
    "isTemplate": false,
    "count": 0,
    "updated": 0
  },
  {
    "id": "8fe9207a-9e24-4267-a622-59f6f82f8ca4",
    "data": [
      {
        "text": "definitely not",
        "userDefined": false
      }
    ],
    "isTemplate": false,
    "count": 0,
    "updated": 0
  },
  {
    "id": "51d935c3-4eae-4e5a-be03-34d475fac7dd",
    "data": [
      {
        "text": "no that\u0027s ok",
        "userDefined": false
      }
    ],
    "isTemplate": false,
    "count": 0,
    "updated": 0
  },
  {
    "id": "d09730e3-235f-43dd-a15b-028a621c193e",
    "data": [
      {
        "text": "no thanks",
        "userDefined": false
      }
    ],
    "isTemplate": false,
    "count": 0,
    "updated": 0
  },
  {
    "id": "f38b8285-104a-442f-b1fd-5d21c7bdab57",
    "data": [
      {
        "text": "nothing else thanks",
        "userDefined": false
      }
    ],
    "isTemplate": false,
    "count": 0,
    "updated": 0
  },
  {
    "id": "02dd6630-43e3-435c-942c-b5ff98856815",
    "data": [
      {
        "text": "not right now",
        "userDefined": false
      }
    ],
    "isTemplate": false,
    "count": 0,
    "updated": 0
  },
  {
    "id": "91bed655-a7a4-4fd9-ad11-2aafdf62a686",
    "data": [
      {
        "text": "no that\u0027s be all",
        "userDefined": false
      }
    ],
    "isTemplate": false,
    "count": 0,
    "updated": 0
  },
  {
    "id": "71ec6324-7241-4ac4-b64e-ca765bcaaf80",
    "data": [
      {
        "text": "don\u0027t do it",
        "userDefined": false
      }
    ],
    "isTemplate": false,
    "count": 0,
    "updated": 0
  },
  {
    "id": "5c9c2e11-d185-4d3d-9a98-98b93e22bc6e",
    "data": [
      {
        "text": "no we are good",
        "userDefined": false
      }
    ],
    "isTemplate": false,
    "count": 0,
    "updated": 0
  },
  {
    "id": "14bd9637-3fff-48d0-b8b4-c256fe5b2c4c",
    "data": [
      {
        "text": "no don\u0027t",
        "userDefined": false
      }
    ],
    "isTemplate": false,
    "count": 0,
    "updated": 0
  },
  {
    "id": "9fd8f0da-c4d3-48cc-86b1-eb6487701614",
    "data": [
      {
        "text": "not ",
        "userDefined": false
      },
      {
        "text": "this time",
        "meta": "@sys.ignore",
        "userDefined": false
      }
    ],
    "isTemplate": false,
    "count": 0,
    "updated": 0
  },
  {
    "id": "8f3b8766-08d0-48dd-a53d-dd2c781e0ac1",
    "data": [
      {
        "text": "no maybe next time",
        "userDefined": false
      }
    ],
    "isTemplate": false,
    "count": 0,
    "updated": 0
  },
  {
    "id": "14a81d45-cf39-4722-8785-142ae8fb67bd",
    "data": [
      {
        "text": "I disagree",
        "userDefined": false
      }
    ],
    "isTemplate": false,
    "count": 0,
    "updated": 0
  },
  {
    "id": "422f0a97-46a1-4a4b-832e-8c1878ebd6a4",
    "data": [
      {
        "text": "I don\u0027t think so",
        "userDefined": false
      }
    ],
    "isTemplate": false,
    "count": 0,
    "updated": 0
  },
  {
    "id": "70dc3b9a-7f62-46ce-bdab-7410b0c521d2",
    "data": [
      {
        "text": "thanks but not ",
        "userDefined": false
      },
      {
        "text": "this time",
        "meta": "@sys.ignore",
        "userDefined": false
      }
    ],
    "isTemplate": false,
    "count": 0,
    "updated": 0
  },
  {
    "id": "8d7e4082-74e5-4ff8-8a2d-46a611d5034b",
    "data": [
      {
        "text": "nope",
        "userDefined": false
      }
    ],
    "isTemplate": false,
    "count": 0,
    "updated": 0
  },
  {
    "id": "09b99a3f-321f-4353-a131-b40d7a9ffa13",
    "data": [
      {
        "text": "nope not really",
        "userDefined": false
      }
    ],
    "isTemplate": false,
    "count": 0,
    "updated": 0
  },
  {
    "id": "3a7a18b2-46dd-4a74-8635-00358410d97a",
    "data": [
      {
        "text": "no not really",
        "userDefined": false
      }
    ],
    "isTemplate": false,
    "count": 0,
    "updated": 0
  },
  {
    "id": "3ca172c5-8ceb-47cb-9e1a-8ed52924a519",
    "data": [
      {
        "text": "no that\u0027s okay",
        "userDefined": false
      }
    ],
    "isTemplate": false,
    "count": 0,
    "updated": 0
  },
  {
    "id": "e5db2e47-8dca-4ef1-aa81-2bcaeffcae6a",
    "data": [
      {
        "text": "nothing",
        "userDefined": false
      }
    ],
    "isTemplate": false,
    "count": 0,
    "updated": 0
  },
  {
    "id": "9fb59138-5259-46d7-a9ad-13ed2eaf3574",
    "data": [
      {
        "text": "I can\u0027t",
        "userDefined": false
      }
    ],
    "isTemplate": false,
    "count": 0,
    "updated": 0
  },
  {
    "id": "b2a373e2-f27e-415a-a6da-75ead70666fa",
    "data": [
      {
        "text": "no I cannot",
        "userDefined": false
      }
    ],
    "isTemplate": false,
    "count": 0,
    "updated": 0
  },
  {
    "id": "7819f8a5-6b96-4b64-84f2-3af18e6ed268",
    "data": [
      {
        "text": "nah I\u0027m good",
        "userDefined": false
      }
    ],
    "isTemplate": false,
    "count": 0,
    "updated": 0
  },
  {
    "id": "2972c763-4b23-4e18-886f-1af60530b1a7",
    "data": [
      {
        "text": "don\u0027t",
        "userDefined": false
      }
    ],
    "isTemplate": false,
    "count": 0,
    "updated": 0
  },
  {
    "id": "e22e4640-20cc-4d92-af12-ef55146d9c5e",
    "data": [
      {
        "text": "no it isn\u0027t",
        "userDefined": false
      }
    ],
    "isTemplate": false,
    "count": 0,
    "updated": 0
  },
  {
    "id": "f48c6350-8bf6-490d-a460-9e257bee41d5",
    "data": [
      {
        "text": "na",
        "userDefined": false
      }
    ],
    "isTemplate": false,
    "count": 0,
    "updated": 0
  },
  {
    "id": "c74a7958-771a-4bce-a379-2c5bf40e2b1f",
    "data": [
      {
        "text": "no no don\u0027t",
        "userDefined": false
      }
    ],
    "isTemplate": false,
    "count": 0,
    "updated": 0
  },
  {
    "id": "a906767d-45e7-4be6-82b7-386da3603a6c",
    "data": [
      {
        "text": "no",
        "userDefined": false
      }
    ],
    "isTemplate": false,
    "count": 0,
    "updated": 0
  },
  {
    "id": "f2c9f6bc-2584-40cb-ac99-0d0467601f7a",
    "data": [
      {
        "text": "no way",
        "userDefined": false
      }
    ],
    "isTemplate": false,
    "count": 0,
    "updated": 0
  },
  {
    "id": "1180501b-4ba7-4f36-ad00-9d588b133aec",
    "data": [
      {
        "text": "thanks but no",
        "userDefined": false
      }
    ],
    "isTemplate": false,
    "count": 0,
    "updated": 0
  }
]