[
  {
    "id": "4d2f6564-3dbf-443d-a249-3308a7fb06c1",
    "data": [
      {
        "text": "no thankfully",
        "userDefined": false
      }
    ],
    "isTemplate": false,
    "count": 0,
    "updated": 0
  },
  {
    "id": "8f0ddf90-a0b5-47ba-98bd-2736181c9d71",
    "data": [
      {
        "text": "no thankfully I do not",
        "userDefined": false
      }
    ],
    "isTemplate": false,
    "count": 0,
    "updated": 0
  },
  {
    "id": "8483890c-53b9-448e-89d7-c51d022c98fe",
    "data": [
      {
        "text": "I do not",
        "userDefined": false
      }
    ],
    "isTemplate": false,
    "count": 0,
    "updated": 0
  },
  {
    "id": "6d5943da-e3de-4c60-adde-3c1c0f3d3d6a",
    "data": [
      {
        "text": "I don\u0027t",
        "userDefined": false
      }
    ],
    "isTemplate": false,
    "count": 0,
    "updated": 0
  },
  {
    "id": "dfdf1052-9455-46f3-b660-60c2f55a7198",
    "data": [
      {
        "text": "no thank God",
        "userDefined": false
      }
    ],
    "isTemplate": false,
    "count": 0,
    "updated": 0
  },
  {
    "id": "146bab14-f544-4c88-be7c-12be2018079c",
    "data": [
      {
        "text": "nah",
        "userDefined": false
      }
    ],
    "isTemplate": false,
    "count": 0,
    "updated": 0
  },
  {
    "id": "60853f52-b7d5-4c14-bd3a-56636f309219",
    "data": [
      {
        "text": "nope",
        "userDefined": false
      }
    ],
    "isTemplate": false,
    "count": 0,
    "updated": 0
  },
  {
    "id": "45fb1c1c-db76-4db0-b976-f2f72d0b6d2e",
    "data": [
      {
        "text": "no",
        "userDefined": false
      }
    ],
    "isTemplate": false,
    "count": 0,
    "updated": 0
  }
]