[
  {
    "id": "dbfbcdef-5939-4b76-9a23-038e210ede9c",
    "data": [
      {
        "text": "👍🏽",
        "userDefined": false
      }
    ],
    "isTemplate": false,
    "count": 0,
    "updated": 0
  },
  {
    "id": "ae48bb42-1c63-42a8-937e-794428689946",
    "data": [
      {
        "text": "y",
        "meta": "@sys.ignore",
        "userDefined": false
      }
    ],
    "isTemplate": false,
    "count": 0,
    "updated": 0
  },
  {
    "id": "cc28aa1f-79f3-4729-9730-c2e9bcc49a85",
    "data": [
      {
        "text": "yes, unfortunately I do",
        "userDefined": false
      }
    ],
    "isTemplate": false,
    "count": 0,
    "updated": 0
  },
  {
    "id": "cfa2c37d-91a8-4546-8bcd-68c6860c7b77",
    "data": [
      {
        "text": "oh no, yes I actually do",
        "userDefined": false
      }
    ],
    "isTemplate": false,
    "count": 0,
    "updated": 0
  },
  {
    "id": "dfe61114-8aff-4ea9-b14f-adf976e656c5",
    "data": [
      {
        "text": "yes i do, is this bad?",
        "userDefined": false
      }
    ],
    "isTemplate": false,
    "count": 0,
    "updated": 0
  },
  {
    "id": "20988d27-da4c-48d1-a938-a5775f4c2a9e",
    "data": [
      {
        "text": "help me, yes i do",
        "userDefined": false
      }
    ],
    "isTemplate": false,
    "count": 0,
    "updated": 0
  },
  {
    "id": "3b6c4e9c-739f-4429-a964-62769bac2bf4",
    "data": [
      {
        "text": "i do",
        "userDefined": false
      }
    ],
    "isTemplate": false,
    "count": 0,
    "updated": 0
  },
  {
    "id": "e4fbfa41-c351-4406-929b-7103400873d5",
    "data": [
      {
        "text": "yeah",
        "userDefined": false
      }
    ],
    "isTemplate": false,
    "count": 0,
    "updated": 0
  },
  {
    "id": "e1d2ffb5-d423-4575-b1e6-b7beeb16d1a0",
    "data": [
      {
        "text": "yup",
        "userDefined": false
      }
    ],
    "isTemplate": false,
    "count": 0,
    "updated": 0
  },
  {
    "id": "23afb83a-764d-43e5-98f1-ba13bf5fc797",
    "data": [
      {
        "text": "yes i do",
        "userDefined": false
      }
    ],
    "isTemplate": false,
    "count": 0,
    "updated": 0
  },
  {
    "id": "9f449cf2-f073-4a84-ad98-e27d2522d61b",
    "data": [
      {
        "text": "yes",
        "userDefined": false
      }
    ],
    "isTemplate": false,
    "count": 0,
    "updated": 0
  }
]