[
  {
    "id": "bae047ce-2b58-4356-8f8c-6398affdc103",
    "data": [
      {
        "text": "Should I get tested if I don\u0027t feel that sick",
        "userDefined": false
      }
    ],
    "isTemplate": false,
    "count": 0,
    "updated": 0
  },
  {
    "id": "76766289-2412-45eb-b142-51632f8fe9ae",
    "data": [
      {
        "text": "I feel sick",
        "userDefined": false
      }
    ],
    "isTemplate": false,
    "count": 1,
    "updated": 0
  },
  {
    "id": "f0f57f1b-084f-49dc-8ef2-c28089714bb5",
    "data": [
      {
        "text": "Fever",
        "userDefined": false
      }
    ],
    "isTemplate": false,
    "count": 0,
    "updated": 0
  },
  {
    "id": "0b184ac4-c3e3-4295-9d2b-5e51e6896e72",
    "data": [
      {
        "text": "Am I going to die?",
        "userDefined": false
      }
    ],
    "isTemplate": false,
    "count": 0,
    "updated": 0
  },
  {
    "id": "a9ec6b2f-822f-437d-8780-ac62d412b429",
    "data": [
      {
        "text": "nausea",
        "userDefined": false
      }
    ],
    "isTemplate": false,
    "count": 0,
    "updated": 0
  },
  {
    "id": "bf716f96-41b9-413a-8549-62185749e959",
    "data": [
      {
        "text": "coughing",
        "userDefined": false
      }
    ],
    "isTemplate": false,
    "count": 0,
    "updated": 0
  },
  {
    "id": "5227c2af-f2e8-44a8-8be1-3a38ef362870",
    "data": [
      {
        "text": "should I go to hospital if I feel sick",
        "userDefined": false
      }
    ],
    "isTemplate": false,
    "count": 0,
    "updated": 0
  },
  {
    "id": "46fd0d2a-103c-440b-bcda-2bcca73eb3b3",
    "data": [
      {
        "text": "i am a bit sore throat, dizzying, am I got the virus ?",
        "userDefined": false
      }
    ],
    "isTemplate": false,
    "count": 0,
    "updated": 0
  },
  {
    "id": "8ebd574c-ff20-4787-bf1c-e2871cfe16fd",
    "data": [
      {
        "text": "i am a bit sore throat",
        "userDefined": false
      }
    ],
    "isTemplate": false,
    "count": 1,
    "updated": 0
  },
  {
    "id": "4920bf33-a948-48df-89aa-87ce92c2812e",
    "data": [
      {
        "text": "I am coughing",
        "userDefined": false
      }
    ],
    "isTemplate": false,
    "count": 1,
    "updated": 0
  },
  {
    "id": "32246c83-de1f-41c3-9c46-69ee271563cf",
    "data": [
      {
        "text": "I have a cold",
        "userDefined": false
      }
    ],
    "isTemplate": false,
    "count": 0,
    "updated": 0
  },
  {
    "id": "c852b428-09e7-447e-ae15-4df217c217fd",
    "data": [
      {
        "text": "cough",
        "userDefined": false
      }
    ],
    "isTemplate": false,
    "count": 1,
    "updated": 0
  },
  {
    "id": "99a6a6b5-94dc-455e-a2c0-60e9837274e9",
    "data": [
      {
        "text": "my temperature is ",
        "userDefined": false
      },
      {
        "text": "37.5 degree celsius",
        "alias": "temperature",
        "meta": "@sys.temperature",
        "userDefined": false
      }
    ],
    "isTemplate": false,
    "count": 0,
    "updated": 0
  },
  {
    "id": "6327d7e5-c2ab-4576-a10d-93939ae5a04c",
    "data": [
      {
        "text": "I have a temperature",
        "userDefined": false
      }
    ],
    "isTemplate": false,
    "count": 0,
    "updated": 0
  },
  {
    "id": "0e4193ab-4d99-4d82-827f-a3b0b7a53fdb",
    "data": [
      {
        "text": "I can\u0027t taste or smell anything",
        "userDefined": false
      }
    ],
    "isTemplate": false,
    "count": 0,
    "updated": 0
  },
  {
    "id": "7f8061c4-ce47-413d-9d86-7c2534852dc5",
    "data": [
      {
        "text": "I can\u0027t taste",
        "userDefined": false
      }
    ],
    "isTemplate": false,
    "count": 0,
    "updated": 0
  },
  {
    "id": "c3a0d79d-5c43-4962-9238-9f27fe58a3b8",
    "data": [
      {
        "text": "I can\u0027t smell",
        "userDefined": false
      }
    ],
    "isTemplate": false,
    "count": 0,
    "updated": 0
  },
  {
    "id": "71cac760-1f4d-4507-9364-f445b64e3978",
    "data": [
      {
        "text": "I have fever",
        "userDefined": false
      }
    ],
    "isTemplate": false,
    "count": 0,
    "updated": 0
  },
  {
    "id": "8cfc6dda-a811-4e00-b337-7413bbb9fc73",
    "data": [
      {
        "text": "I\u0027m not feeling well. What can I do?",
        "userDefined": false
      }
    ],
    "isTemplate": false,
    "count": 0,
    "updated": 0
  },
  {
    "id": "31e7f0bd-9c9f-4c34-a021-524ad45466b6",
    "data": [
      {
        "text": "how do i manage symptoms",
        "userDefined": false
      }
    ],
    "isTemplate": false,
    "count": 0,
    "updated": 0
  },
  {
    "id": "de3e0a71-0690-4f1d-940d-c959efc90e21",
    "data": [
      {
        "text": "Okay, what if I feel sick?",
        "userDefined": false
      }
    ],
    "isTemplate": false,
    "count": 0,
    "updated": 0
  },
  {
    "id": "788d6d6a-0387-4a8b-9e98-c3224b465702",
    "data": [
      {
        "text": "I\u0027m feeling I have a headache and I feeling sick. What should I do?",
        "userDefined": false
      }
    ],
    "isTemplate": false,
    "count": 0,
    "updated": 0
  },
  {
    "id": "e6a0a5e2-180a-48d8-b7cb-21b3c580c72f",
    "data": [
      {
        "text": "What should I do if I have a sore throat?",
        "userDefined": false
      }
    ],
    "isTemplate": false,
    "count": 0,
    "updated": 0
  },
  {
    "id": "7b2a3319-b4b0-48e4-857a-a0b791f932fd",
    "data": [
      {
        "text": "how do i manage my symptoms?",
        "userDefined": false
      }
    ],
    "isTemplate": false,
    "count": 0,
    "updated": 0
  },
  {
    "id": "3d7e5d55-a290-459e-bfb0-fd8a543f8fdf",
    "data": [
      {
        "text": "what should i do if i get the virus?",
        "userDefined": false
      }
    ],
    "isTemplate": false,
    "count": 0,
    "updated": 0
  },
  {
    "id": "11399ff5-497b-41d5-9540-458863b7e1a4",
    "data": [
      {
        "text": "What should I do if I have coronavirus?",
        "userDefined": false
      }
    ],
    "isTemplate": false,
    "count": 0,
    "updated": 0
  },
  {
    "id": "3f3ca4fa-c634-45a6-95c9-914aa6351c68",
    "data": [
      {
        "text": "I think I\u0027ve been infected with coronavirus. What should I do?",
        "userDefined": false
      }
    ],
    "isTemplate": false,
    "count": 0,
    "updated": 0
  },
  {
    "id": "668fd981-5d91-4d88-af17-f15df1a40750",
    "data": [
      {
        "text": "what should I do if I am sick",
        "userDefined": false
      }
    ],
    "isTemplate": false,
    "count": 1,
    "updated": 0
  },
  {
    "id": "52f5df41-df9d-4919-99f6-19fe42853141",
    "data": [
      {
        "text": "i have a runny nose, should I be tested?",
        "userDefined": false
      }
    ],
    "isTemplate": false,
    "count": 0,
    "updated": 0
  },
  {
    "id": "e9d03f9c-3de1-478a-b164-422942f39ab3",
    "data": [
      {
        "text": "My throat hurts",
        "userDefined": false
      }
    ],
    "isTemplate": false,
    "count": 0,
    "updated": 0
  },
  {
    "id": "5ab47e57-6998-4422-b2b6-2aee3d8bba23",
    "data": [
      {
        "text": "What should I do if my throat hurts?",
        "userDefined": false
      }
    ],
    "isTemplate": false,
    "count": 0,
    "updated": 0
  },
  {
    "id": "e6d6acaf-734a-4f87-b9f0-c18c200967e1",
    "data": [
      {
        "text": "What should I do if my wife has Coronavirus?",
        "userDefined": false
      }
    ],
    "isTemplate": false,
    "count": 0,
    "updated": 0
  },
  {
    "id": "334105b2-bb7c-4b87-937e-41a6ef80c0cf",
    "data": [
      {
        "text": "what should I do if I have a fever?",
        "userDefined": false
      }
    ],
    "isTemplate": false,
    "count": 0,
    "updated": 0
  },
  {
    "id": "a22c33b3-f7c0-4358-90b9-06ba00590f1d",
    "data": [
      {
        "text": "who can i call?",
        "userDefined": false
      }
    ],
    "isTemplate": false,
    "count": 0,
    "updated": 0
  },
  {
    "id": "fac05722-fa43-44bc-98e7-7ccd9795c71e",
    "data": [
      {
        "text": "Do I have coronavirus?",
        "userDefined": false
      }
    ],
    "isTemplate": false,
    "count": 0,
    "updated": 0
  },
  {
    "id": "d88860b7-3c78-411c-b667-8c9c77d90ee8",
    "data": [
      {
        "text": "i have been exposed",
        "userDefined": false
      }
    ],
    "isTemplate": false,
    "count": 0,
    "updated": 0
  },
  {
    "id": "0317f0f7-8e80-4b5d-8183-e50192121233",
    "data": [
      {
        "text": "i think i have corona",
        "userDefined": false
      }
    ],
    "isTemplate": false,
    "count": 0,
    "updated": 0
  },
  {
    "id": "5e51f5c0-e1e8-48a2-9d21-88cb9bef168e",
    "data": [
      {
        "text": "I have a fever",
        "userDefined": false
      }
    ],
    "isTemplate": false,
    "count": 0,
    "updated": 0
  },
  {
    "id": "5cf7de74-d19a-4dee-a18a-b27c09b45acd",
    "data": [
      {
        "text": "Where can I get help?",
        "userDefined": false
      }
    ],
    "isTemplate": false,
    "count": 0,
    "updated": 0
  },
  {
    "id": "a2bba435-a168-4d4e-a046-b4364c4f1581",
    "data": [
      {
        "text": "what if I can\u0027t get the medicine I need?",
        "userDefined": false
      }
    ],
    "isTemplate": false,
    "count": 0,
    "updated": 0
  },
  {
    "id": "87a91a6b-201c-42e0-9b91-932e103a546e",
    "data": [
      {
        "text": "i have fever and cough",
        "userDefined": false
      }
    ],
    "isTemplate": false,
    "count": 0,
    "updated": 0
  },
  {
    "id": "f3c2fcec-e8a3-4b4f-911e-7f8e608823f9",
    "data": [
      {
        "text": "I have a sore throat and a fever, what should I do?",
        "userDefined": false
      }
    ],
    "isTemplate": false,
    "count": 0,
    "updated": 0
  },
  {
    "id": "6e80d4f9-a79a-4462-bd91-bdb835762bad",
    "data": [
      {
        "text": "sore throat and a fever",
        "userDefined": false
      }
    ],
    "isTemplate": false,
    "count": 0,
    "updated": 0
  },
  {
    "id": "91aa2d4b-984e-4727-aa3d-90c2eaa561eb",
    "data": [
      {
        "text": "I\u0027m having a fever and a cough",
        "userDefined": false
      }
    ],
    "isTemplate": false,
    "count": 0,
    "updated": 0
  },
  {
    "id": "f5ada368-036c-4b48-9038-f35bd59d9393",
    "data": [
      {
        "text": "I have a fever and cough. What can I do?",
        "userDefined": false
      }
    ],
    "isTemplate": false,
    "count": 0,
    "updated": 0
  },
  {
    "id": "ed2ea472-1a13-4ec9-b67b-7f4f14f6af8e",
    "data": [
      {
        "text": "i don\u0027t feel well",
        "userDefined": false
      }
    ],
    "isTemplate": false,
    "count": 0,
    "updated": 0
  },
  {
    "id": "5c6d3f1e-905d-4cd6-996f-759dd76848d2",
    "data": [
      {
        "text": "i have a fever",
        "userDefined": false
      }
    ],
    "isTemplate": false,
    "count": 0,
    "updated": 0
  },
  {
    "id": "c710c99f-1cb9-4913-a167-539d33e2a713",
    "data": [
      {
        "text": "i have a high fever",
        "userDefined": false
      }
    ],
    "isTemplate": false,
    "count": 0,
    "updated": 0
  },
  {
    "id": "69a3b186-01a9-4cc7-af9b-aba6f58c45be",
    "data": [
      {
        "text": "i have a fever and a cough",
        "userDefined": false
      }
    ],
    "isTemplate": false,
    "count": 0,
    "updated": 0
  },
  {
    "id": "66134437-9efc-402a-a156-e2357cb193f2",
    "data": [
      {
        "text": "should i take medicine?",
        "userDefined": false
      }
    ],
    "isTemplate": false,
    "count": 0,
    "updated": 0
  },
  {
    "id": "8a781ec1-3e29-4544-9b65-9e5158c8dff4",
    "data": [
      {
        "text": "how long will i be sick for?",
        "userDefined": false
      }
    ],
    "isTemplate": false,
    "count": 0,
    "updated": 0
  },
  {
    "id": "293a95e1-54fd-4c2e-bda9-9f0794f74481",
    "data": [
      {
        "text": "how long does the sickness last",
        "userDefined": false
      }
    ],
    "isTemplate": false,
    "count": 0,
    "updated": 0
  },
  {
    "id": "101767d8-c08e-4c77-9cbd-b6ad4b963130",
    "data": [
      {
        "text": "where can I turn to if I need to speak with someone",
        "userDefined": false
      }
    ],
    "isTemplate": false,
    "count": 0,
    "updated": 0
  },
  {
    "id": "1605c4a9-81d1-4f6c-aed7-5bce80d012e0",
    "data": [
      {
        "text": "What should I do if I think I have the coronavirus?",
        "userDefined": false
      }
    ],
    "isTemplate": false,
    "count": 0,
    "updated": 0
  },
  {
    "id": "f10e3a7c-cb72-43a1-a1f0-060f42553974",
    "data": [
      {
        "text": "where can I go for emergency in ",
        "userDefined": false
      },
      {
        "text": "san francisco",
        "alias": "geo-city",
        "meta": "@sys.geo-city",
        "userDefined": false
      }
    ],
    "isTemplate": false,
    "count": 0,
    "updated": 0
  },
  {
    "id": "0c0bbe74-aa2f-425e-8926-c6a121f6eead",
    "data": [
      {
        "text": "when do I know if I have to call my doctor",
        "userDefined": false
      }
    ],
    "isTemplate": false,
    "count": 0,
    "updated": 0
  },
  {
    "id": "8609e48b-5a3b-4f61-96ce-f766e18daf3b",
    "data": [
      {
        "text": "i have a fever, should I worry?",
        "userDefined": false
      }
    ],
    "isTemplate": false,
    "count": 0,
    "updated": 0
  },
  {
    "id": "10e927ab-2f5a-46dd-9689-8488c9069146",
    "data": [
      {
        "text": "Hi - I have some shortness of breath, but it might be allergies",
        "userDefined": false
      }
    ],
    "isTemplate": false,
    "count": 0,
    "updated": 0
  },
  {
    "id": "71aeb7b5-1703-49b1-8983-ff295720efbf",
    "data": [
      {
        "text": "I have shortness of breath - what should i do?",
        "userDefined": false
      }
    ],
    "isTemplate": false,
    "count": 0,
    "updated": 0
  },
  {
    "id": "8977375e-98fa-4af7-9e18-ec35d1bb505c",
    "data": [
      {
        "text": "where should I go if I have symptoms?",
        "userDefined": false
      }
    ],
    "isTemplate": false,
    "count": 0,
    "updated": 0
  },
  {
    "id": "fd737739-b88f-488c-a0ff-5559720d3a52",
    "data": [
      {
        "text": "What do I do if I\u0027m not feeling well?",
        "userDefined": false
      }
    ],
    "isTemplate": false,
    "count": 0,
    "updated": 0
  },
  {
    "id": "0889072e-c90c-429f-a33b-5d9d04e6fe8f",
    "data": [
      {
        "text": "What do I do if I have the virus",
        "userDefined": false
      }
    ],
    "isTemplate": false,
    "count": 0,
    "updated": 0
  },
  {
    "id": "c1e28a4a-4937-42cd-8074-f67177f1fba3",
    "data": [
      {
        "text": "Do I have coronavirus",
        "userDefined": false
      }
    ],
    "isTemplate": false,
    "count": 0,
    "updated": 0
  },
  {
    "id": "b9066298-9aec-466d-9274-29570ad46ac8",
    "data": [
      {
        "text": "I have a fever and a cough. What can I do?",
        "userDefined": false
      }
    ],
    "isTemplate": false,
    "count": 1,
    "updated": 0
  },
  {
    "id": "3903113b-bf26-4413-973f-8f92214e2691",
    "data": [
      {
        "text": "Where can I seek help?",
        "userDefined": false
      }
    ],
    "isTemplate": false,
    "count": 0,
    "updated": 0
  },
  {
    "id": "92eecb8e-9679-4b20-8626-7976c79418fc",
    "data": [
      {
        "text": "what temperature should I look for?",
        "userDefined": false
      }
    ],
    "isTemplate": false,
    "count": 0,
    "updated": 0
  },
  {
    "id": "9639c29a-9278-49ba-9e04-a9edba4b94e8",
    "data": [
      {
        "text": "what temperature is a fever?",
        "userDefined": false
      }
    ],
    "isTemplate": false,
    "count": 0,
    "updated": 0
  },
  {
    "id": "6bc44d91-3f11-4935-aac0-6641debe3222",
    "data": [
      {
        "text": "how do i get help?",
        "userDefined": false
      }
    ],
    "isTemplate": false,
    "count": 0,
    "updated": 0
  },
  {
    "id": "f36e8bab-23f1-4b99-9f64-aaa5e7cfdfdf",
    "data": [
      {
        "text": "home remedies?",
        "userDefined": false
      }
    ],
    "isTemplate": false,
    "count": 0,
    "updated": 0
  },
  {
    "id": "3b9ad713-23db-4c64-9694-337190399c62",
    "data": [
      {
        "text": "what should i be doing if I am tested positive?",
        "userDefined": false
      }
    ],
    "isTemplate": false,
    "count": 0,
    "updated": 0
  },
  {
    "id": "a85bea03-b85c-4607-a3f6-8f71956ce8a8",
    "data": [
      {
        "text": "what to do/",
        "userDefined": false
      }
    ],
    "isTemplate": false,
    "count": 0,
    "updated": 0
  },
  {
    "id": "8362afe4-57bb-4043-be1d-bb76e725f9e3",
    "data": [
      {
        "text": "What should I do if I cough?",
        "userDefined": false
      }
    ],
    "isTemplate": false,
    "count": 0,
    "updated": 0
  },
  {
    "id": "44340b08-7079-4523-b7fd-e11b50d502ac",
    "data": [
      {
        "text": "im sick",
        "userDefined": false
      }
    ],
    "isTemplate": false,
    "count": 0,
    "updated": 0
  },
  {
    "id": "5b6fd42d-bb60-4d24-a7e8-74a165c8b98e",
    "data": [
      {
        "text": "I have corona virus what should I do",
        "userDefined": false
      }
    ],
    "isTemplate": false,
    "count": 0,
    "updated": 0
  },
  {
    "id": "cc2dc7d0-c3ba-4564-9872-74f7a49ab185",
    "data": [
      {
        "text": "what are the help line numbers for covid 19?",
        "userDefined": false
      }
    ],
    "isTemplate": false,
    "count": 0,
    "updated": 0
  },
  {
    "id": "059fc989-cfd6-41e4-8ad8-9a657d329a6f",
    "data": [
      {
        "text": "what should I do if see symptoms of covid ",
        "userDefined": false
      },
      {
        "text": "19",
        "alias": "number",
        "meta": "@sys.number",
        "userDefined": false
      }
    ],
    "isTemplate": false,
    "count": 0,
    "updated": 0
  },
  {
    "id": "3e2af08d-a102-4443-9801-422fca534a90",
    "data": [
      {
        "text": "I am sneezing",
        "userDefined": false
      }
    ],
    "isTemplate": false,
    "count": 0,
    "updated": 0
  },
  {
    "id": "8e542de7-a6d8-4a6a-b430-49daedb3a1c5",
    "data": [
      {
        "text": "I am feeling tired",
        "userDefined": false
      }
    ],
    "isTemplate": false,
    "count": 0,
    "updated": 0
  },
  {
    "id": "06026521-e12c-41e0-afa1-5eabb286d7a7",
    "data": [
      {
        "text": "what should i do if i am tested positive?",
        "userDefined": false
      }
    ],
    "isTemplate": false,
    "count": 0,
    "updated": 0
  },
  {
    "id": "97bb03b0-10dd-4790-8b1b-7fe78ef27093",
    "data": [
      {
        "text": "When shall I go to see a doctor?",
        "userDefined": false
      }
    ],
    "isTemplate": false,
    "count": 0,
    "updated": 0
  },
  {
    "id": "ddb413a4-9b3b-465d-b48b-10e61bca1b9e",
    "data": [
      {
        "text": "When should I go to the hospital?",
        "userDefined": false
      }
    ],
    "isTemplate": false,
    "count": 0,
    "updated": 0
  },
  {
    "id": "6d9b6bcd-ad27-440f-9b4a-2958803218ff",
    "data": [
      {
        "text": "do I have the virus?",
        "userDefined": false
      }
    ],
    "isTemplate": false,
    "count": 1,
    "updated": 0
  },
  {
    "id": "d9b7eafa-52b5-441f-824d-5e5430c78433",
    "data": [
      {
        "text": "My child has covid-19, do I need to stay away from them?",
        "userDefined": false
      }
    ],
    "isTemplate": false,
    "count": 1,
    "updated": 0
  },
  {
    "id": "c4203e03-33e5-4b32-a3d3-784ec7fedf31",
    "data": [
      {
        "text": "I think my child has the virus, what do I do?",
        "userDefined": false
      }
    ],
    "isTemplate": false,
    "count": 1,
    "updated": 0
  },
  {
    "id": "cc9af483-a745-4bef-9514-b752831ce801",
    "data": [
      {
        "text": "how do I know I have the virus",
        "userDefined": false
      }
    ],
    "isTemplate": false,
    "count": 0,
    "updated": 0
  },
  {
    "id": "1d7189be-8c5a-4fb0-bf06-dbb312925693",
    "data": [
      {
        "text": "if you have a headache, do you have the coronavirus?",
        "userDefined": false
      }
    ],
    "isTemplate": false,
    "count": 1,
    "updated": 0
  },
  {
    "id": "f056a6a8-b4cf-487c-b8d4-211486de20d1",
    "data": [
      {
        "text": "am i going to die",
        "userDefined": false
      }
    ],
    "isTemplate": false,
    "count": 0,
    "updated": 0
  },
  {
    "id": "24f2b9b0-ba9f-43dd-bb2b-de5e73f619a4",
    "data": [
      {
        "text": "Where should I go if i have symptoms",
        "userDefined": false
      }
    ],
    "isTemplate": false,
    "count": 0,
    "updated": 0
  },
  {
    "id": "af7deb59-e178-4d49-8abc-de4b107d4b9c",
    "data": [
      {
        "text": "Do I have the virus?",
        "userDefined": false
      }
    ],
    "isTemplate": false,
    "count": 1,
    "updated": 0
  },
  {
    "id": "815fbd59-0db1-4c52-b9d9-e2b76f8b8078",
    "data": [
      {
        "text": "if you have a headache, do you have the coronavirus",
        "userDefined": false
      }
    ],
    "isTemplate": false,
    "count": 0,
    "updated": 0
  },
  {
    "id": "1eda54cd-9004-4277-9a65-18b8e3bb5520",
    "data": [
      {
        "text": "Am I going to die",
        "userDefined": false
      }
    ],
    "isTemplate": false,
    "count": 0,
    "updated": 0
  },
  {
    "id": "cde78ef0-d6df-4f68-ad92-663d5f372715",
    "data": [
      {
        "text": "am i going to die?",
        "userDefined": false
      }
    ],
    "isTemplate": false,
    "count": 0,
    "updated": 0
  },
  {
    "id": "f02dc880-a349-4703-b420-f4440526b879",
    "data": [
      {
        "text": "my child may be sick, do i need to see a doctor?",
        "userDefined": false
      }
    ],
    "isTemplate": false,
    "count": 0,
    "updated": 0
  },
  {
    "id": "3b23959d-a274-4b85-8e59-fc51ea895fd3",
    "data": [
      {
        "text": "fever",
        "userDefined": false
      }
    ],
    "isTemplate": false,
    "count": 0,
    "updated": 0
  },
  {
    "id": "a6f67669-4841-4662-88e9-9170b074dd56",
    "data": [
      {
        "text": "how high of a fever to expect.",
        "userDefined": false
      }
    ],
    "isTemplate": false,
    "count": 0,
    "updated": 0
  },
  {
    "id": "cb0c555d-b55a-49e8-8569-ca75c20e7e65",
    "data": [
      {
        "text": "how high of a fever should I be concerned with?",
        "userDefined": false
      }
    ],
    "isTemplate": false,
    "count": 0,
    "updated": 0
  },
  {
    "id": "4f7671ed-1caf-49c3-8bc5-5b64ca8e9341",
    "data": [
      {
        "text": "I have shortness of breath - what should I do?",
        "userDefined": false
      }
    ],
    "isTemplate": false,
    "count": 0,
    "updated": 0
  },
  {
    "id": "e54a891b-d345-4c67-a6f0-82b12a3666f8",
    "data": [
      {
        "text": "should I get tested if I have a headache",
        "userDefined": false
      }
    ],
    "isTemplate": false,
    "count": 0,
    "updated": 0
  },
  {
    "id": "973048cd-6790-4988-ad66-389492454bab",
    "data": [
      {
        "text": "help",
        "userDefined": false
      }
    ],
    "isTemplate": false,
    "count": 0,
    "updated": 0
  },
  {
    "id": "37b435a1-b023-434b-befe-23a253db42cc",
    "data": [
      {
        "text": "What do I do if i suspect that I have symptoms of the virus?",
        "userDefined": false
      }
    ],
    "isTemplate": false,
    "count": 1,
    "updated": 0
  },
  {
    "id": "44425839-ce81-42c8-b901-b44a58fda561",
    "data": [
      {
        "text": "What if I think I have the virus?",
        "userDefined": false
      }
    ],
    "isTemplate": false,
    "count": 1,
    "updated": 0
  },
  {
    "id": "e227d40b-3cf4-428c-a1c0-7c8dfa2826a3",
    "data": [
      {
        "text": "how will I know I need a test for Coronavirus?",
        "userDefined": false
      }
    ],
    "isTemplate": false,
    "count": 0,
    "updated": 0
  },
  {
    "id": "646a3a09-1c5a-40c5-87f1-b3b972e3eed1",
    "data": [
      {
        "text": "Hi - I think that I might have coronavirus",
        "userDefined": false
      }
    ],
    "isTemplate": false,
    "count": 0,
    "updated": 0
  },
  {
    "id": "f8d11dbb-c87e-4f03-9d48-80f3d069db80",
    "data": [
      {
        "text": "where should I go if I have symptoms",
        "userDefined": false
      }
    ],
    "isTemplate": false,
    "count": 0,
    "updated": 0
  },
  {
    "id": "b7cc6c28-afe1-4050-8924-8467ef55ab65",
    "data": [
      {
        "text": "What should I do if I feel sick?",
        "userDefined": false
      }
    ],
    "isTemplate": false,
    "count": 0,
    "updated": 0
  },
  {
    "id": "49b2639c-1e06-4f6f-aadc-e7ee94671689",
    "data": [
      {
        "text": "I think I\u0027ve been exposed. What should I do?",
        "userDefined": false
      }
    ],
    "isTemplate": false,
    "count": 0,
    "updated": 0
  },
  {
    "id": "f2d299c6-f5ca-4eaa-a8c7-fc404f810312",
    "data": [
      {
        "text": "what happens if my child has the virus?",
        "userDefined": false
      }
    ],
    "isTemplate": false,
    "count": 0,
    "updated": 0
  },
  {
    "id": "e92544ae-adfc-4451-9286-01d8c28d2f7b",
    "data": [
      {
        "text": "What do I do if I have Corona virus",
        "userDefined": false
      }
    ],
    "isTemplate": false,
    "count": 1,
    "updated": 0
  },
  {
    "id": "10830466-1f55-49c3-9f73-754067268d26",
    "data": [
      {
        "text": "What do I do if I have Coronavirus",
        "userDefined": false
      }
    ],
    "isTemplate": false,
    "count": 0,
    "updated": 0
  },
  {
    "id": "2881f054-a12d-4f32-add5-092998d9b3d2",
    "data": [
      {
        "text": "I\u0027m feeling sick, what should I do?",
        "userDefined": false
      }
    ],
    "isTemplate": false,
    "count": 0,
    "updated": 0
  },
  {
    "id": "853aa518-8fbf-4894-ad58-461f94d6d7ca",
    "data": [
      {
        "text": "I can\u0027t move",
        "userDefined": false
      }
    ],
    "isTemplate": false,
    "count": 0,
    "updated": 0
  },
  {
    "id": "c91be086-a2bb-4c54-a120-3dff8e4f2938",
    "data": [
      {
        "text": "What do I do if my left foot hurts",
        "userDefined": false
      }
    ],
    "isTemplate": false,
    "count": 0,
    "updated": 0
  },
  {
    "id": "770f8b8a-7208-4133-b6f7-d460be899919",
    "data": [
      {
        "text": "I think I have corona what should I do?",
        "userDefined": false
      }
    ],
    "isTemplate": false,
    "count": 0,
    "updated": 0
  },
  {
    "id": "fddc3146-1298-46dc-96b4-b0d4ac2edf8e",
    "data": [
      {
        "text": "who should i contact if i think i have covid",
        "userDefined": false
      }
    ],
    "isTemplate": false,
    "count": 0,
    "updated": 0
  },
  {
    "id": "6a1cc92b-de3e-4257-ad4c-cb2856708f1c",
    "data": [
      {
        "text": "My kids don\u0027t feel well",
        "userDefined": false
      }
    ],
    "isTemplate": false,
    "count": 0,
    "updated": 0
  },
  {
    "id": "61541f67-0d12-4d8b-a9a3-87702950a80a",
    "data": [
      {
        "text": "I\u0027m worried I have covid ",
        "userDefined": false
      },
      {
        "text": "19",
        "alias": "number",
        "meta": "@sys.number",
        "userDefined": false
      }
    ],
    "isTemplate": false,
    "count": 0,
    "updated": 0
  },
  {
    "id": "8ebefe7a-214b-4db7-9a1d-0e9d59af7bc8",
    "data": [
      {
        "text": "I just threw up",
        "userDefined": false
      }
    ],
    "isTemplate": false,
    "count": 0,
    "updated": 0
  },
  {
    "id": "fd03dff0-4000-4a65-b103-20f0764eaf31",
    "data": [
      {
        "text": "I\u0027m coughing like crazy",
        "userDefined": false
      }
    ],
    "isTemplate": false,
    "count": 0,
    "updated": 0
  },
  {
    "id": "c9f7eb4f-9c94-4efc-a8fc-6eb69bd4a9ec",
    "data": [
      {
        "text": "Do I have Caronavirus?",
        "userDefined": false
      }
    ],
    "isTemplate": false,
    "count": 0,
    "updated": 0
  },
  {
    "id": "26b11361-ea9e-4dc8-8545-6f6ff5494f85",
    "data": [
      {
        "text": "I don\u0027t feel well",
        "userDefined": false
      }
    ],
    "isTemplate": false,
    "count": 0,
    "updated": 0
  },
  {
    "id": "f6e9397a-2fb7-48d9-a52a-b3378a2e4db9",
    "data": [
      {
        "text": "My dad is 72 years old and he has symptoms last week. Do I need to take him to the hospital?",
        "userDefined": false
      }
    ],
    "isTemplate": false,
    "count": 0,
    "updated": 0
  },
  {
    "id": "f3d16ada-603f-482a-8a93-100458c6bcc7",
    "data": [
      {
        "text": "Help",
        "userDefined": false
      }
    ],
    "isTemplate": false,
    "count": 0,
    "updated": 0
  },
  {
    "id": "e51e12d8-aca8-4fa5-b898-d439662b528e",
    "data": [
      {
        "text": "Where should I go if i have any symptoms?",
        "userDefined": false
      }
    ],
    "isTemplate": false,
    "count": 0,
    "updated": 0
  },
  {
    "id": "29cccd3f-2cfe-4888-b886-b7a8b5d5b729",
    "data": [
      {
        "text": "i feel sick",
        "userDefined": false
      }
    ],
    "isTemplate": false,
    "count": 0,
    "updated": 0
  }
]