[
  {
    "id": "f0759eef-7fee-46eb-9e55-4e2908fc5cab",
    "data": [
      {
        "text": "no that\u0027s it",
        "userDefined": false
      }
    ],
    "isTemplate": false,
    "count": 0,
    "updated": 0
  },
  {
    "id": "7eb4f1d9-520e-44c7-b129-cd5035de4430",
    "data": [
      {
        "text": "nope that\u0027s it",
        "userDefined": false
      }
    ],
    "isTemplate": false,
    "count": 0,
    "updated": 0
  },
  {
    "id": "a43a0e71-f0a4-4fb2-a460-8b03d7e78e57",
    "data": [
      {
        "text": "i\u0027m done",
        "userDefined": false
      }
    ],
    "isTemplate": false,
    "count": 0,
    "updated": 0
  },
  {
    "id": "eb18e38e-1233-408a-af88-990393bde9c5",
    "data": [
      {
        "text": "no I\u0027m done",
        "userDefined": false
      }
    ],
    "isTemplate": false,
    "count": 0,
    "updated": 0
  },
  {
    "id": "24452d99-accf-4f4f-8303-eb9dde9fb3f8",
    "data": [
      {
        "text": "no",
        "userDefined": false
      }
    ],
    "isTemplate": false,
    "count": 0,
    "updated": 0
  }
]