[
  {
    "id": "2dab4028-98c2-41ee-9c7f-ca2037f2f34b",
    "data": [
      {
        "text": "I see, thanks",
        "userDefined": false
      }
    ],
    "isTemplate": false,
    "count": 0,
    "updated": 0
  },
  {
    "id": "850258c2-da0b-4d20-a214-93107841fcc1",
    "data": [
      {
        "text": "Okay. Thank you.",
        "userDefined": false
      }
    ],
    "isTemplate": false,
    "count": 0,
    "updated": 0
  },
  {
    "id": "065a7088-b97f-4984-a086-32917f26319f",
    "data": [
      {
        "text": "Thank you.",
        "userDefined": false
      }
    ],
    "isTemplate": false,
    "count": 1,
    "updated": 0
  },
  {
    "id": "0692fa14-b363-453e-a930-0bdcc882b29b",
    "data": [
      {
        "text": "that\u0027s great information, thank you",
        "userDefined": false
      }
    ],
    "isTemplate": false,
    "count": 0,
    "updated": 0
  },
  {
    "id": "47bf6107-1016-4769-858b-62d66c685e9f",
    "data": [
      {
        "text": "thank you i really appreciate it",
        "userDefined": false
      }
    ],
    "isTemplate": false,
    "count": 0,
    "updated": 0
  },
  {
    "id": "f796b01a-9dbb-4d96-9faa-9171202c5fda",
    "data": [
      {
        "text": "ok, thanks",
        "userDefined": false
      }
    ],
    "isTemplate": false,
    "count": 0,
    "updated": 0
  },
  {
    "id": "76853ce8-813a-431e-aeee-a3ce133af51b",
    "data": [
      {
        "text": "got it, thanks",
        "userDefined": false
      }
    ],
    "isTemplate": false,
    "count": 0,
    "updated": 0
  },
  {
    "id": "c75af68b-d7a4-4a74-9b04-c41da4a3ff76",
    "data": [
      {
        "text": "thanks for the help",
        "userDefined": false
      }
    ],
    "isTemplate": false,
    "count": 0,
    "updated": 0
  },
  {
    "id": "a8ee8732-282b-444f-9403-23b79643dd11",
    "data": [
      {
        "text": "okay great, thank u",
        "userDefined": false
      }
    ],
    "isTemplate": false,
    "count": 0,
    "updated": 0
  },
  {
    "id": "51119b10-1915-4e21-a320-d1581d0b6dca",
    "data": [
      {
        "text": "thanks a ton",
        "userDefined": false
      }
    ],
    "isTemplate": false,
    "count": 0,
    "updated": 0
  },
  {
    "id": "766267e2-8f31-4424-8191-e8720dbef45a",
    "data": [
      {
        "text": "thank you very much",
        "userDefined": false
      }
    ],
    "isTemplate": false,
    "count": 0,
    "updated": 0
  },
  {
    "id": "b202f7dd-63a7-4373-9e21-a122b6da833e",
    "data": [
      {
        "text": "Thanks a lot!",
        "userDefined": false
      }
    ],
    "isTemplate": false,
    "count": 0,
    "updated": 0
  },
  {
    "id": "d69534c1-85bc-46f2-81d4-cca78c4a62e2",
    "data": [
      {
        "text": "Thanks!",
        "userDefined": false
      }
    ],
    "isTemplate": false,
    "count": 0,
    "updated": 0
  },
  {
    "id": "a954f48f-0d2c-4d33-a6f1-e0392bb6c99d",
    "data": [
      {
        "text": "thank you",
        "userDefined": false
      }
    ],
    "isTemplate": false,
    "count": 0,
    "updated": 0
  }
]