[
  {
    "id": "d94eeaa2-e763-4b08-b506-7d892a5b9f8d",
    "data": [
      {
        "text": "no satisfied",
        "userDefined": false
      }
    ],
    "isTemplate": false,
    "count": 0,
    "updated": 0
  },
  {
    "id": "2eb3480d-20fb-498e-bc79-1ec6e1ee52f4",
    "data": [
      {
        "text": "not satisfied",
        "userDefined": false
      }
    ],
    "isTemplate": false,
    "count": 0,
    "updated": 0
  },
  {
    "id": "185c01fa-e589-4778-a7a4-4c9a0b63cbf1",
    "data": [
      {
        "text": "I do not have the information I need",
        "userDefined": false
      }
    ],
    "isTemplate": false,
    "count": 0,
    "updated": 0
  },
  {
    "id": "7a906966-8476-4ccd-8cad-92bf0d9ad7c3",
    "data": [
      {
        "text": "I don\u0027t have the information I need",
        "userDefined": false
      }
    ],
    "isTemplate": false,
    "count": 0,
    "updated": 0
  },
  {
    "id": "8a2d5dd1-05e5-4d15-9192-178aa7dd7a10",
    "data": [
      {
        "text": "This was not helpful",
        "userDefined": false
      }
    ],
    "isTemplate": false,
    "count": 0,
    "updated": 0
  },
  {
    "id": "17fdb260-5112-440d-ac21-e09833c51083",
    "data": [
      {
        "text": "I am unhappy",
        "userDefined": false
      }
    ],
    "isTemplate": false,
    "count": 0,
    "updated": 0
  },
  {
    "id": "bd231140-a980-4aba-9e6b-5093c90bf11c",
    "data": [
      {
        "text": "I am not satisfied",
        "userDefined": false
      }
    ],
    "isTemplate": false,
    "count": 0,
    "updated": 0
  },
  {
    "id": "21132a1b-968e-4a44-b451-07485c607439",
    "data": [
      {
        "text": "I\u0027m not satisfied",
        "userDefined": false
      }
    ],
    "isTemplate": false,
    "count": 0,
    "updated": 0
  }
]