[
  {
    "id": "1fb88ad3-3ac0-4b71-a34e-5bf1bb10d657",
    "data": [
      {
        "text": "hello hello",
        "userDefined": false
      }
    ],
    "isTemplate": false,
    "count": 0,
    "updated": 0
  },
  {
    "id": "a883e12c-fe55-46cf-aab0-fb28fdbb61d8",
    "data": [
      {
        "text": "What can I ask?",
        "userDefined": false
      }
    ],
    "isTemplate": false,
    "count": 0,
    "updated": 0
  },
  {
    "id": "cfe55373-51b7-4735-a4e9-f1035098c54a",
    "data": [
      {
        "text": "what is it that you help with?",
        "userDefined": false
      }
    ],
    "isTemplate": false,
    "count": 0,
    "updated": 0
  },
  {
    "id": "1cce14ec-8ab5-4f8d-8ef2-4bc20fc3e883",
    "data": [
      {
        "text": "what can you help me with",
        "userDefined": false
      }
    ],
    "isTemplate": false,
    "count": 0,
    "updated": 0
  },
  {
    "id": "e1c915cf-8d4a-4c23-9bd1-e688f70febd1",
    "data": [
      {
        "text": "How can you help me?",
        "userDefined": false
      }
    ],
    "isTemplate": false,
    "count": 0,
    "updated": 0
  },
  {
    "id": "f7a126c8-63a0-48dd-8c1c-6f77576c7489",
    "data": [
      {
        "text": "What can i ask you?",
        "userDefined": false
      }
    ],
    "isTemplate": false,
    "count": 0,
    "updated": 0
  },
  {
    "id": "100f8dae-476b-41ec-86d0-afe0a13a1e9d",
    "data": [
      {
        "text": "what can you help with?",
        "userDefined": false
      }
    ],
    "isTemplate": false,
    "count": 0,
    "updated": 0
  },
  {
    "id": "460aac44-d19e-4e63-94bc-412aaffea2e4",
    "data": [
      {
        "text": "what can I ask",
        "userDefined": false
      }
    ],
    "isTemplate": false,
    "count": 1,
    "updated": 0
  },
  {
    "id": "2a1945ff-6918-43a2-81df-104c13850c66",
    "data": [
      {
        "text": "What can you help me with?",
        "userDefined": false
      }
    ],
    "isTemplate": false,
    "count": 1,
    "updated": 0
  },
  {
    "id": "5d756f54-1486-4b1a-8c47-787aa2dc718f",
    "data": [
      {
        "text": "How can you help me",
        "userDefined": false
      }
    ],
    "isTemplate": false,
    "count": 0,
    "updated": 0
  },
  {
    "id": "e2b9dd8d-fe78-4255-a0bc-26f7e0245fbd",
    "data": [
      {
        "text": "what can you help me with?",
        "userDefined": false
      }
    ],
    "isTemplate": false,
    "count": 0,
    "updated": 0
  },
  {
    "id": "9622ecfa-a76e-411d-a702-bc95540541f6",
    "data": [
      {
        "text": "what can I ask you?",
        "userDefined": false
      }
    ],
    "isTemplate": false,
    "count": 0,
    "updated": 0
  },
  {
    "id": "220fd4cb-a74b-4665-a584-0099abe803be",
    "data": [
      {
        "text": "what can you answer?",
        "userDefined": false
      }
    ],
    "isTemplate": false,
    "count": 0,
    "updated": 0
  },
  {
    "id": "100d24ad-29e7-416a-925c-89962a53ae81",
    "data": [
      {
        "text": "What can you do?",
        "userDefined": false
      }
    ],
    "isTemplate": false,
    "count": 1,
    "updated": 0
  },
  {
    "id": "d387f71a-3337-4a79-a814-d212e2f571c8",
    "data": [
      {
        "text": "hey there",
        "userDefined": false
      }
    ],
    "isTemplate": false,
    "count": 0,
    "updated": 0
  },
  {
    "id": "c6c4aeba-058a-463d-b05e-7cea1d50ecd9",
    "data": [
      {
        "text": "hello there",
        "userDefined": false
      }
    ],
    "isTemplate": false,
    "count": 1,
    "updated": 0
  },
  {
    "id": "f52a5dad-a33a-4a01-844c-f493b14ec2f9",
    "data": [
      {
        "text": "greetings",
        "userDefined": false
      }
    ],
    "isTemplate": false,
    "count": 0,
    "updated": 0
  },
  {
    "id": "c4d64a3a-3ee8-4f79-a64f-4a520beff562",
    "data": [
      {
        "text": "trying to say hello",
        "userDefined": false
      }
    ],
    "isTemplate": false,
    "count": 0,
    "updated": 0
  },
  {
    "id": "ea0c0374-46c8-4b9d-b3f7-3556fdeb9c09",
    "data": [
      {
        "text": "just going to say hi",
        "userDefined": false
      }
    ],
    "isTemplate": false,
    "count": 0,
    "updated": 0
  },
  {
    "id": "d4f6443f-36e8-46f7-a370-c17bd23d5135",
    "data": [
      {
        "text": "howdy",
        "userDefined": false
      }
    ],
    "isTemplate": false,
    "count": 0,
    "updated": 0
  },
  {
    "id": "8e958b8b-6ede-4093-876b-97b9efe3d473",
    "data": [
      {
        "text": "heya",
        "userDefined": false
      }
    ],
    "isTemplate": false,
    "count": 0,
    "updated": 0
  },
  {
    "id": "635e56e1-b152-4876-9f99-e6d65c32bea4",
    "data": [
      {
        "text": "hey",
        "userDefined": false
      }
    ],
    "isTemplate": false,
    "count": 0,
    "updated": 0
  },
  {
    "id": "a5d8efbd-cb2f-4707-8dc1-8005beb087da",
    "data": [
      {
        "text": "hi there!",
        "userDefined": false
      }
    ],
    "isTemplate": false,
    "count": 0,
    "updated": 0
  },
  {
    "id": "4cb159bb-e9f5-4c0b-bb3a-9ca04942957b",
    "data": [
      {
        "text": "hello",
        "userDefined": false
      }
    ],
    "isTemplate": false,
    "count": 0,
    "updated": 0
  },
  {
    "id": "4c864be2-e860-43b1-83db-121f88fce16c",
    "data": [
      {
        "text": "hi",
        "userDefined": false
      }
    ],
    "isTemplate": false,
    "count": 1,
    "updated": 0
  }
]