[
  {
    "id": "751531a1-ffac-473c-ad85-620b8b6dba5f",
    "data": [
      {
        "text": "Okay.",
        "userDefined": false
      }
    ],
    "isTemplate": false,
    "count": 0,
    "updated": 0
  },
  {
    "id": "c1ba6b58-4773-4ce5-99c3-28af651bced8",
    "data": [
      {
        "text": "Tell more about COVID-19?",
        "userDefined": false
      }
    ],
    "isTemplate": false,
    "count": 0,
    "updated": 0
  },
  {
    "id": "18e98aff-e94d-4b81-b80b-1fed7e109ecd",
    "data": [
      {
        "text": "got it",
        "userDefined": false
      }
    ],
    "isTemplate": false,
    "count": 0,
    "updated": 0
  },
  {
    "id": "efe55d6c-6d43-42bf-a41f-ca64856252b2",
    "data": [
      {
        "text": "ok",
        "userDefined": false
      }
    ],
    "isTemplate": false,
    "count": 0,
    "updated": 0
  },
  {
    "id": "90f747f1-db46-4097-8ae6-956195fc1389",
    "data": [
      {
        "text": "okay",
        "userDefined": false
      }
    ],
    "isTemplate": false,
    "count": 0,
    "updated": 0
  }
]