[
  {
    "id": "62e4ed91-72a7-4d52-9485-566b357dc577",
    "data": [
      {
        "text": "I want to talk to a live agent.",
        "userDefined": false
      }
    ],
    "isTemplate": false,
    "count": 0,
    "updated": 0
  },
  {
    "id": "7e3558c0-c432-41bc-b063-da1f46d95043",
    "data": [
      {
        "text": "representative transfer",
        "userDefined": false
      }
    ],
    "isTemplate": false,
    "count": 0,
    "updated": 0
  },
  {
    "id": "7444806c-4686-4ee1-9a0d-aa7b2477b789",
    "data": [
      {
        "text": "talk to representative",
        "userDefined": false
      }
    ],
    "isTemplate": false,
    "count": 0,
    "updated": 0
  },
  {
    "id": "599caa13-1335-4e1d-a672-c908294bb09d",
    "data": [
      {
        "text": "human agent please",
        "userDefined": false
      }
    ],
    "isTemplate": false,
    "count": 0,
    "updated": 0
  },
  {
    "id": "c2624b9e-177b-4b87-896d-4eecea7c52cd",
    "data": [
      {
        "text": "i need to talk to a human",
        "userDefined": false
      }
    ],
    "isTemplate": false,
    "count": 0,
    "updated": 0
  },
  {
    "id": "6b424d7b-10e6-4ea2-8337-ecf398290229",
    "data": [
      {
        "text": "transfer me to a live agent",
        "userDefined": false
      }
    ],
    "isTemplate": false,
    "count": 0,
    "updated": 0
  },
  {
    "id": "00096316-68ea-4963-bb89-95bafc6601bb",
    "data": [
      {
        "text": "talk to a nurse",
        "userDefined": false
      }
    ],
    "isTemplate": false,
    "count": 0,
    "updated": 0
  },
  {
    "id": "11757f7c-8e50-463a-9a5b-d311cdf37db5",
    "data": [
      {
        "text": "chat with a representative",
        "userDefined": false
      }
    ],
    "isTemplate": false,
    "count": 0,
    "updated": 0
  },
  {
    "id": "a83adc65-f961-486f-aede-83156607dd95",
    "data": [
      {
        "text": "I want to talk to a live agent",
        "userDefined": false
      }
    ],
    "isTemplate": false,
    "count": 0,
    "updated": 0
  }
]