[
  {
    "id": "833fe943-a0d6-49e7-be60-dd9c7c9e84e5",
    "data": [
      {
        "text": "I prefer not to answer",
        "userDefined": false
      }
    ],
    "isTemplate": false,
    "count": 0,
    "updated": 0
  },
  {
    "id": "4896343d-c0c3-4e5d-a7de-242541fd2bc0",
    "data": [
      {
        "text": "In between",
        "userDefined": false
      }
    ],
    "isTemplate": false,
    "count": 0,
    "updated": 0
  },
  {
    "id": "847a5f94-7036-4b66-99d7-6b4ef37e11cf",
    "data": [
      {
        "text": "I don\u0027t want to answer this question",
        "userDefined": false
      }
    ],
    "isTemplate": false,
    "count": 0,
    "updated": 0
  },
  {
    "id": "4f9d200c-e6dc-42df-85c9-ca0a0b913439",
    "data": [
      {
        "text": "I don\u0027t want to answer this survey",
        "userDefined": false
      }
    ],
    "isTemplate": false,
    "count": 0,
    "updated": 0
  },
  {
    "id": "06ba40fb-fea8-43bf-bfa1-5fc877957835",
    "data": [
      {
        "text": "I don\u0027t know",
        "userDefined": false
      }
    ],
    "isTemplate": false,
    "count": 0,
    "updated": 0
  },
  {
    "id": "69dd264a-d903-42a1-b469-8b94e8786b85",
    "data": [
      {
        "text": "Neither",
        "userDefined": false
      }
    ],
    "isTemplate": false,
    "count": 0,
    "updated": 0
  },
  {
    "id": "28cf4f52-706f-47ea-99bd-8749d84a2bdd",
    "data": [
      {
        "text": "I don\u0027t want to participate",
        "userDefined": false
      }
    ],
    "isTemplate": false,
    "count": 0,
    "updated": 0
  },
  {
    "id": "501759bd-68d7-4c82-95fb-b5d67ab35f48",
    "data": [
      {
        "text": "I don\u0027t want to answer",
        "userDefined": false
      }
    ],
    "isTemplate": false,
    "count": 0,
    "updated": 0
  }
]