[
  {
    "id": "07cb3bba-c40b-4113-99ab-e41057909b39",
    "data": [
      {
        "text": "What\u0027s your name?",
        "userDefined": false
      }
    ],
    "isTemplate": false,
    "count": 0,
    "updated": 0
  },
  {
    "id": "43059856-d490-4eab-9af4-6f9e88bdcc40",
    "data": [
      {
        "text": "are you a bot?",
        "userDefined": false
      }
    ],
    "isTemplate": false,
    "count": 0,
    "updated": 0
  },
  {
    "id": "95001077-320c-4247-8e67-4dce426edb72",
    "data": [
      {
        "text": "What are you?",
        "userDefined": false
      }
    ],
    "isTemplate": false,
    "count": 1,
    "updated": 0
  },
  {
    "id": "eb8b482c-90b3-4f4d-b53b-5bb057e13834",
    "data": [
      {
        "text": "are you a boss",
        "userDefined": false
      }
    ],
    "isTemplate": false,
    "count": 0,
    "updated": 0
  },
  {
    "id": "7797f2b5-6e7f-4aeb-bd0d-1c15f97445fd",
    "data": [
      {
        "text": "your name please",
        "userDefined": false
      }
    ],
    "isTemplate": false,
    "count": 0,
    "updated": 0
  },
  {
    "id": "7b7fe7db-22cc-4aae-ae6e-d5940cc6d930",
    "data": [
      {
        "text": "what can I call you?",
        "userDefined": false
      }
    ],
    "isTemplate": false,
    "count": 0,
    "updated": 0
  },
  {
    "id": "14363903-fa2b-46c3-bc30-0c56b293877e",
    "data": [
      {
        "text": "what are you known as?",
        "userDefined": false
      }
    ],
    "isTemplate": false,
    "count": 0,
    "updated": 0
  },
  {
    "id": "b249f367-1f51-49b5-b04a-955e8ea679b2",
    "data": [
      {
        "text": "what are you called?",
        "userDefined": false
      }
    ],
    "isTemplate": false,
    "count": 0,
    "updated": 0
  },
  {
    "id": "6442fb48-9a21-4386-a778-9b7a8f62fedb",
    "data": [
      {
        "text": "do you have a name?",
        "userDefined": false
      }
    ],
    "isTemplate": false,
    "count": 0,
    "updated": 0
  },
  {
    "id": "021b423a-2d8f-4d07-bf0f-f27f5554baf5",
    "data": [
      {
        "text": "What\u0027s your name",
        "userDefined": false
      }
    ],
    "isTemplate": false,
    "count": 0,
    "updated": 0
  }
]