[
  {
    "id": "7448c342-1447-4d77-9fce-36fd8adb9e0b",
    "data": [
      {
        "text": "satisfied",
        "userDefined": false
      }
    ],
    "isTemplate": false,
    "count": 0,
    "updated": 0
  },
  {
    "id": "fe0ad5f9-ae2e-48fd-8f1d-45ce1c49cc9d",
    "data": [
      {
        "text": "very satisfied",
        "userDefined": false
      }
    ],
    "isTemplate": false,
    "count": 0,
    "updated": 0
  },
  {
    "id": "4d04b9f4-6b76-474f-aa08-043f16f6c249",
    "data": [
      {
        "text": "I got the information I needed",
        "userDefined": false
      }
    ],
    "isTemplate": false,
    "count": 0,
    "updated": 0
  },
  {
    "id": "cada5071-748b-425c-8f51-347745018849",
    "data": [
      {
        "text": "I am happy",
        "userDefined": false
      }
    ],
    "isTemplate": false,
    "count": 0,
    "updated": 0
  },
  {
    "id": "b91a68c5-53b6-4c45-8487-2f1410f1b7a1",
    "data": [
      {
        "text": "I am satisfied",
        "userDefined": false
      }
    ],
    "isTemplate": false,
    "count": 0,
    "updated": 0
  },
  {
    "id": "a352024b-4300-4ce0-a6d6-701b240f9457",
    "data": [
      {
        "text": "I\u0027m satisfied",
        "userDefined": false
      }
    ],
    "isTemplate": false,
    "count": 0,
    "updated": 0
  }
]