[
  {
    "id": "d3192219-4936-4774-bba4-8983e6100d28",
    "data": [
      {
        "text": "Thank you. Good. Bye.",
        "userDefined": false
      }
    ],
    "isTemplate": false,
    "count": 0,
    "updated": 0
  },
  {
    "id": "3999c84f-96c3-4083-ab7e-9f708ad7e10a",
    "data": [
      {
        "text": "Okay, that\u0027s all I want to ask.",
        "userDefined": false
      }
    ],
    "isTemplate": false,
    "count": 0,
    "updated": 0
  },
  {
    "id": "1c728779-81e5-4500-b2a0-499bacf80cd7",
    "data": [
      {
        "text": "Okay, that\u0027s all.",
        "userDefined": false
      }
    ],
    "isTemplate": false,
    "count": 0,
    "updated": 0
  },
  {
    "id": "62835d37-4b0c-4f29-9e0a-ec03a52eb1a3",
    "data": [
      {
        "text": "That\u0027s all the questions I have.",
        "userDefined": false
      }
    ],
    "isTemplate": false,
    "count": 0,
    "updated": 0
  },
  {
    "id": "b21464e6-9d9a-4a8f-8d82-95a5abb887e7",
    "data": [
      {
        "text": "That\u0027s all for now.",
        "userDefined": false
      }
    ],
    "isTemplate": false,
    "count": 0,
    "updated": 0
  },
  {
    "id": "8a7974c9-4a6a-4216-8652-ae4c38db108c",
    "data": [
      {
        "text": "that\u0027s all of my questions",
        "userDefined": false
      }
    ],
    "isTemplate": false,
    "count": 0,
    "updated": 0
  },
  {
    "id": "054adb42-c3b1-46cf-aa4d-ed26de6b2cd7",
    "data": [
      {
        "text": "i don\u0027t have anything else to ask",
        "userDefined": false
      }
    ],
    "isTemplate": false,
    "count": 0,
    "updated": 0
  },
  {
    "id": "30c24492-836b-49af-9028-e67feb79e43a",
    "data": [
      {
        "text": "that\u0027s it",
        "userDefined": false
      }
    ],
    "isTemplate": false,
    "count": 0,
    "updated": 0
  },
  {
    "id": "aa3bd009-4334-4a09-9ebe-139625082994",
    "data": [
      {
        "text": "Okay, that\u0027s all my questions",
        "userDefined": false
      }
    ],
    "isTemplate": false,
    "count": 0,
    "updated": 0
  },
  {
    "id": "077b88a1-0935-4e59-b8cc-dcf109bd16eb",
    "data": [
      {
        "text": "Have a nice day.",
        "userDefined": false
      }
    ],
    "isTemplate": false,
    "count": 0,
    "updated": 0
  },
  {
    "id": "00e5024c-ee32-4df4-b932-000dfbdcecc8",
    "data": [
      {
        "text": "Bye. Bye.",
        "userDefined": false
      }
    ],
    "isTemplate": false,
    "count": 0,
    "updated": 0
  },
  {
    "id": "360c8fd8-4028-4eb1-a3f7-711ea005ecca",
    "data": [
      {
        "text": "bye bye",
        "userDefined": false
      }
    ],
    "isTemplate": false,
    "count": 0,
    "updated": 0
  },
  {
    "id": "01a73740-ab40-469d-8b25-1e174cee93f9",
    "data": [
      {
        "text": "bye",
        "userDefined": false
      }
    ],
    "isTemplate": false,
    "count": 1,
    "updated": 0
  },
  {
    "id": "7577ede2-6665-4504-8819-ab6bc7d6adbb",
    "data": [
      {
        "text": "by",
        "userDefined": false
      }
    ],
    "isTemplate": false,
    "count": 0,
    "updated": 0
  },
  {
    "id": "d54fd1bf-0032-4513-b0ba-5051f5d380a8",
    "data": [
      {
        "text": "Good. Bye.",
        "userDefined": false
      }
    ],
    "isTemplate": false,
    "count": 0,
    "updated": 0
  },
  {
    "id": "201b6c42-950f-4182-a1ab-f2ba0be4f001",
    "data": [
      {
        "text": "Good bye!",
        "userDefined": false
      }
    ],
    "isTemplate": false,
    "count": 0,
    "updated": 0
  }
]